PLANTPRODCUST_ID,PRODUCT_ID,PLANT_LOCATION_ID,CUSTOMER
6102,1684743,22,
6103,1621717,23,
6104,1690627,22,
6105,1684724,17,
6106,1692222,12,
6107,1690171,24,
6108,1617714,23,
6113,1700557,14,
6114,1693889,24,
6115,1677878,14,
6116,1682760,13,
6117,1701319,12,
6119,1682766,13,
6120,1672986,21,
6121,1680740,14,
6123,1682651,14,
6125,1683739,15,
6127,1700143,14,
6129,1685370,28,
6133,1692113,16,
6135,1690614,22,
6136,1681952,16,
6137,1683146,15,
6138,1681972,15,
6143,1679639,14,
6144,1639636,14,
6145,1687774,20,
6146,1683199,14,
6148,1684794,15,
6151,1697181,27,
6153,1656348,14,
6155,1687421,12,
6156,1687521,14,
6159,1674120,14,
6160,1696654,14,
6163,1699690,14,
6164,1694984,12,
6167,1686705,12,
6172,1696476,23,
6173,1681951,16,
6174,1682646,13,
6176,1683419,13,
6177,1694562,12,
6179,1689783,13,
6180,1681882,19,
6184,1656350,14,
6185,1668347,14,
6188,1693105,14,
6190,1687491,14,
6192,1682805,14,
6196,1689545,13,
6197,1688824,14,
6198,1698758,27,
6199,1696263,19,
6202,1684808,14,
6203,1683624,27,
6206,1681884,18,
6209,1684772,13,
6211,1702016,14,
6212,1700105,14,
6216,1699689,14,
6217,1668608,14,
6220,1698759,27,
6221,1700263,12,
6223,1685107,21,
6225,1666396,14,
6226,1692225,12,
6227,1684669,21,
6228,1684740,22,
6229,1692107,16,
6230,1685306,24,
6232,1661099,14,
6234,1669095,29,
6236,1688587,13,
6240,1684773,15,
6242,1683432,22,
6243,1700139,14,
6244,1691789,24,
6245,1672343,18,
6246,1682772,14,
6247,1683359,16,
6249,1662238,14,
6250,1654431,12,
6251,1689543,21,
6253,1697954,14,
6255,1683293,14,
6256,1684332,15,
6257,1692997,14,
6258,1696262,19,
6263,1661098,14,
6264,1688285,22,
6266,1669409,14,
6267,1664247,14,
6268,1690492,12,
6269,1690176,12,
6271,1662274,14,
6275,1692401,16,
6277,1699265,14,
6279,1682769,13,
6281,1690619,13,
6283,1689780,21,
6287,1690267,12,
6290,1674378,24,
6291,1700363,14,
6292,1689147,14,
6295,1682869,14,
6296,1660673,14,
6297,1690006,21,
6298,1656969,23,
6299,1692948,14,
6300,1688285,14,
6301,1683525,21,
6302,1699993,14,
6303,1683403,14,
6304,1649008,14,
6305,1683795,15,
6309,1662991,16,
6310,1699768,14,
6311,1692402,14,
6314,1688750,21,
6316,1691700,18,
6318,1683397,14,
6320,1690271,12,
6321,1700035,27,
6323,1689541,14,
6324,1672245,24,
6327,1646393,24,
6329,1676565,14,
6334,1660551,14,
6336,1696019,24,
6337,1689548,22,
6338,1681759,16,
6339,1691784,24,
6345,1696297,14,
6346,1696255,18,
6347,1699953,15,
6350,1687191,17,
6352,1684728,15,
6353,1651366,14,
6354,1699567,14,
6356,1698108,15,
6101,1689548,14,Customer_05
6109,1689549,14,Customer_18
6110,1677891,14,Customer_15
6111,1700097,14,Customer_21
6112,1683558,14,Customer_07
6118,1682799,14,Customer_33
6122,1696746,14,Customer_44
6124,1629341,14,Customer_25
6126,1681379,24,Customer_35
6128,1688633,14,Customer_46
6130,1689547,14,Customer_28
6131,1682763,14,Customer_29
6132,1675615,14,Customer_14
6134,1699766,14,Customer_21
6139,1680246,23,Customer_42
6140,1669584,14,Customer_31
6141,1668550,14,Customer_44
6142,1699465,14,Customer_25
6147,1690092,14,Customer_26
6149,1699540,14,Customer_29
6150,1656347,14,Customer_26
6152,1658532,14,Customer_13
6154,1692109,14,Customer_21
6157,1696533,27,Customer_21
6158,1690631,14,Customer_39
6161,1690619,14,Customer_46
6162,1667817,14,Customer_15
6165,1699241,14,Customer_27
6166,1693626,14,Customer_29
6168,1672000,14,Customer_33
6169,1699553,14,Customer_27
6170,1688589,14,Customer_29
6171,1700094,14,Customer_13
6175,1700875,14,Customer_01
6178,1683704,14,Customer_15
6181,1696482,14,Customer_32
6182,1683200,14,Customer_24
6183,1689544,14,Customer_39
6186,1688633,14,Customer_39
6187,1677891,14,Customer_28
6189,1696752,14,Customer_24
6191,1658532,14,Customer_14
6193,1646393,24,Customer_28
6194,1699311,14,Customer_42
6195,1683430,14,Customer_39
6200,1667126,14,Customer_14
6201,1692708,27,Customer_21
6204,1699797,14,Customer_42
6205,1656246,14,Customer_32
6207,1681878,19,Customer_05
6208,1668716,24,Customer_28
6210,1656246,14,Customer_26
6213,1699378,14,Customer_42
6214,1699591,14,Customer_27
6215,1672117,14,Customer_29
6218,1689785,14,Customer_42
6219,1677884,14,Customer_26
6222,1658528,14,Customer_32
6224,1660580,14,Customer_21
6231,1682742,14,Customer_24
6233,1699268,14,Customer_42
6235,1682796,14,Customer_38
6237,1644200,14,Customer_15
6238,1662554,14,Customer_32
6239,1699591,14,Customer_25
6241,1690616,14,Customer_39
6248,1688824,14,Customer_32
6252,1700143,14,Customer_28
6254,1682793,14,Customer_09
6259,1681888,19,Customer_31
6260,1667934,14,Customer_36
6261,1692974,14,Customer_26
6262,1662552,14,Customer_22
6265,1699769,14,Customer_32
6270,1689546,14,Customer_18
6272,1684560,14,Customer_36
6273,1669409,14,Customer_22
6274,1700980,14,Customer_42
6276,1699771,14,Customer_21
6278,1672706,14,Customer_22
6280,1660885,14,Customer_31
6282,1693122,14,Customer_29
6284,1690006,14,Customer_23
6285,1677891,14,Customer_21
6286,1657475,14,Customer_21
6288,1699952,14,Customer_15
6289,1651299,14,Customer_28
6293,1676564,14,Customer_24
6294,1660885,14,Customer_28
6306,1668545,14,Customer_15
6307,1699369,14,Customer_29
6308,1699540,14,Customer_25
6312,1675654,14,Customer_28
6313,1672707,14,Customer_28
6315,1696654,14,Customer_13
6317,1699314,14,Customer_42
6319,1677229,23,Customer_39
6322,1690144,24,Customer_35
6325,1689547,14,Customer_39
6326,1652538,14,Customer_21
6328,1689784,14,Customer_42
6330,1696756,14,Customer_31
6331,1672986,19,Customer_31
6332,1658528,14,Customer_18
6333,1682982,14,Customer_13
6335,1690614,14,Customer_39
6340,1650571,14,Customer_15
6341,1689548,14,Customer_33
6342,1668608,14,Customer_15
6343,1655818,14,Customer_29
6344,1663347,14,Customer_15
6348,1660577,14,Customer_22
6349,1682594,23,Customer_18
6351,1699172,14,Customer_25
6355,1695349,14,Customer_23
6402,1645070,14,
6404,1667934,14,
6405,1668792,29,
6406,1682908,14,
6407,1683409,13,
6409,1683407,21,
6411,1674382,12,
6412,1671246,23,
6413,1683419,21,
6415,1697951,15,
6416,1693117,14,
6421,1682983,14,
6427,1696261,19,
6428,1683523,13,
6429,1683134,14,
6432,1644308,14,
6434,1683528,21,
6435,1684773,21,
6436,1684722,13,
6437,1684645,15,
6439,1687191,13,
6442,1694556,12,
6445,1669098,12,
6449,1669740,24,
6451,1681701,23,
6453,1696533,27,
6457,1693700,15,
6458,1683560,14,
6459,1656871,16,
6461,1702652,27,
6463,1697952,14,
6464,1682769,22,
6468,1685270,24,
6469,1699327,14,
6472,1692708,27,
6473,1650942,16,
6474,1681883,21,
6478,1666441,14,
6480,1696255,19,
6482,1693536,12,
6484,1689784,14,
6485,1699555,14,
6486,1669701,14,
6487,1688610,21,
6489,1681880,21,
6490,1685268,24,
6493,1691790,24,
6494,1688571,22,
6496,1694385,24,
6498,1683773,15,
6500,1668346,14,
6501,1668189,14,
6506,1696254,19,
6508,1689550,21,
6509,1680249,23,
6511,1650904,14,
6514,1668609,14,
6515,1698997,14,
6517,1692114,16,
6519,1663347,14,
6522,1682751,14,
6526,1668426,16,
6529,1684637,21,
6530,1699951,14,
6533,1682760,22,
6534,1692998,14,
6535,1689546,13,
6537,1699285,14,
6538,1688621,13,
6539,1676152,28,
6540,1683107,12,
6542,1696532,27,
6544,1684646,13,
6545,1683760,22,
6548,1700657,14,
6549,1694274,24,
6550,1682832,22,
6555,1700380,27,
6556,1681376,24,
6558,1685284,24,
6559,1689145,14,
6561,1690630,14,
6564,1660579,14,
6565,1685293,24,
6567,1691906,12,
6568,1699841,14,
6570,1668345,14,
6571,1684642,15,
6575,1697243,12,
6578,1693699,15,
6581,1650571,14,
6582,1690616,13,
6583,1699515,14,
6585,1687422,12,
6586,1673352,29,
6589,1652885,24,
6590,1684725,13,
6591,0,30,
6592,1683405,13,
6593,1698131,14,
6594,1621719,23,
6595,0,29,
6596,1685010,12,
6598,1687419,12,
6599,1669740,29,
6600,1660530,13,
6601,1698196,14,
6604,1685527,15,
6605,1682835,13,
6606,1667123,15,
6607,1688575,14,
6608,1687669,12,
6609,1681897,19,
6610,1693700,14,
6611,1693626,14,
6614,1682790,22,
6616,1696640,27,
6621,1700371,27,
6623,1690315,27,
6625,1697052,28,
6626,1699329,14,
6628,1652604,14,
6632,1699798,14,
6634,1684559,14,
6635,1680716,14,
6636,1670657,12,
6641,1662395,14,
6643,1667927,14,
6644,1669702,14,
6645,1699794,14,
6646,1688290,13,
6647,1634730,14,
6649,1671955,14,
6651,1688868,27,
6652,1685835,12,
6654,1683359,14,
6655,1666954,14,
6656,1700693,25,
6658,1668412,16,
6659,1682982,14,
6661,1691766,24,
6662,1698748,12,
6664,1688043,12,
6668,1684659,21,
6673,1680753,15,
6675,1671832,14,
6677,1677864,28,
6678,1693893,24,
6679,1696021,24,
6682,1684767,22,
6683,1669685,14,
6686,1683294,21,
6690,1682778,21,
6692,1700875,14,
6693,1673344,12,
6694,1696260,19,
6695,1689543,13,
6696,1691546,14,
6699,1699318,14,
6702,1686764,23,
6704,1687420,12,
6705,1683365,17,
6707,1683357,21,
6708,1680742,13,
6710,1689547,13,
6712,1672826,28,
6714,1696206,24,
6716,1664245,14,
6717,1694270,24,
6719,1684756,12,
6721,1684725,21,
6724,1696214,15,
6726,1688877,12,
6727,1691769,24,
6728,1664406,12,
6729,1700306,12,
6731,1683405,14,
6733,1691544,14,
6735,1700308,12,
6737,1680712,15,
6738,1697127,12,
6743,1686001,12,
6744,0,23,
6747,1690633,14,
6748,1692737,27,
6749,1690153,12,
6752,1679124,28,
6754,1673317,12,
6756,1694674,12,
6758,1688294,14,
6759,1682790,13,
6761,1689782,14,
6763,1643057,14,
6764,1699553,14,
6765,1672713,14,
6766,1688781,27,
6767,1653588,14,
6770,1689551,21,
6772,1691767,24,
6773,1693538,12,
6774,1690628,22,
6775,1687713,27,
6776,1684669,16,
6779,1662554,14,
6782,1686762,23,
6787,1692679,12,
6788,1689543,14,
6791,1694271,24,
6793,1689142,14,
6795,1672708,14,
6797,1699955,14,
6798,1671906,14,
6799,1692277,17,
6805,1697081,16,
6808,1650880,14,
6815,1683760,17,
6817,1697874,14,
6818,1684722,15,
6822,1691779,24,
6823,1699946,15,
6824,1683419,14,
6827,1644050,14,
6832,1685832,12,
6836,1684724,15,
6837,1690621,13,
6838,1688575,13,
6839,1699767,15,
6843,1698657,12,
6844,1679948,12,
6845,1689544,14,
6849,1686758,14,
6850,1685107,13,
6853,1699836,14,
6855,1689549,21,
6857,1696263,18,
6858,1688035,27,
6859,1699675,14,
6860,1689601,14,
6861,1692994,14,
6862,1681888,18,
6863,1680674,15,
6867,1694568,12,
6868,1676942,14,
6869,1690374,12,
6871,1688587,21,
6872,1685264,24,
6875,1673774,27,
6877,1684768,21,
6879,1681957,16,
6881,1668716,24,
6882,1701320,12,
6884,1684771,21,
6885,1700539,14,
6886,1686463,14,
6887,1684637,15,
6889,1683531,21,
6890,1683808,13,
6893,1677348,27,
6897,1684646,15,
6898,1690145,24,
6901,1686707,12,
6903,1702224,23,
6904,1695974,12,
6905,1691546,21,
6907,1700094,14,
6908,1696753,14,
6910,1673352,12,
6911,1656879,16,
6912,1699361,14,
6401,1687346,14,Customer_29
6403,1680210,14,Customer_05
6408,1682739,14,Customer_32
6410,1686657,23,Customer_39
6414,1668612,14,Customer_21
6417,1677878,14,Customer_21
6418,1663337,14,Customer_21
6419,0,21,Customer_19
6420,1697086,14,Customer_14
6422,1658528,14,Customer_39
6423,1650905,14,Customer_05
6424,1649002,14,Customer_13
6425,1682832,14,Customer_28
6426,1685214,14,Customer_21
6430,1655985,23,Customer_28
6431,1684005,24,Customer_35
6433,1673710,14,Customer_21
6438,1687689,14,Customer_31
6440,1636236,14,Customer_32
6441,1696073,14,Customer_28
6443,1682769,14,Customer_33
6444,1693740,14,Customer_10
6446,1696746,14,Customer_13
6447,1653237,24,Customer_28
6448,1684755,14,Customer_46
6450,1693117,14,Customer_25
6452,1672676,14,Customer_09
6454,1699564,14,Customer_42
6455,1675654,14,Customer_15
6456,1689145,14,Customer_05
6460,1688575,14,Customer_42
6462,1696752,14,Customer_13
6465,1655985,23,Customer_33
6466,1684560,14,Customer_37
6467,1682709,14,Customer_46
6470,1671416,14,Customer_32
6471,1679638,14,Customer_32
6475,1668345,14,Customer_32
6476,1657474,14,Customer_13
6477,1697085,14,Customer_07
6479,1675655,14,Customer_28
6481,1658532,14,Customer_01
6483,1699166,14,Customer_25
6488,1668421,14,Customer_21
6491,1699537,14,Customer_42
6492,1699798,14,Customer_27
6495,1677877,14,Customer_01
6497,1697884,27,Customer_16
6499,1689541,14,Customer_15
6502,1685212,14,Customer_32
6503,1672720,14,Customer_33
6504,1696260,19,Customer_31
6505,1662238,14,Customer_26
6507,1697085,14,Customer_28
6510,1672706,14,Customer_32
6512,1692955,14,Customer_29
6513,1690143,24,Customer_35
6516,1666441,14,Customer_14
6518,1682739,14,Customer_13
6520,1699575,14,Customer_42
6521,1674635,23,Customer_09
6523,1656246,14,Customer_15
6524,1685028,14,Customer_36
6525,1660551,14,Customer_13
6527,1699794,14,Customer_22
6528,1699623,14,Customer_42
6531,1672721,14,Customer_42
6532,1651298,14,Customer_15
6536,1645070,14,Customer_14
6541,1688589,14,Customer_42
6543,1689145,14,Customer_21
6546,1660563,14,Customer_15
6547,1656246,14,Customer_21
6551,1668421,14,Customer_31
6552,1668606,14,Customer_13
6553,1669702,14,Customer_13
6554,1697081,14,Customer_21
6557,1677692,14,Customer_14
6560,1700106,27,Customer_16
6562,1683407,14,Customer_29
6563,1657437,14,Customer_31
6566,1687346,14,Customer_21
6569,1699561,14,Customer_27
6572,1652080,14,Customer_15
6573,1699954,14,Customer_05
6574,1697084,14,Customer_23
6576,1677692,14,Customer_15
6577,1698898,14,Customer_21
6579,1688288,14,Customer_39
6580,1666994,23,Customer_35
6584,1672344,19,Customer_31
6587,1681701,23,Customer_12
6588,1652883,24,Customer_28
6597,1692940,14,Customer_29
6602,1674598,14,Customer_36
6603,1677891,14,Customer_44
6612,1682802,14,Customer_13
6613,1699948,14,Customer_32
6615,1644308,14,Customer_24
6617,1699795,14,Customer_42
6618,1677891,14,Customer_22
6619,1697067,14,Customer_13
6620,1623991,14,Customer_21
6622,1657064,14,Customer_21
6624,1699290,14,Customer_27
6627,1658532,14,Customer_28
6629,1699345,14,Customer_42
6630,1680210,14,Customer_23
6631,1635536,14,Customer_21
6633,1651299,14,Customer_26
6637,1660885,14,Customer_14
6638,1695862,20,Customer_36
6639,1697081,14,Customer_32
6640,1696754,14,Customer_24
6642,1684862,14,Customer_10
6648,1693105,14,Customer_24
6650,1677891,14,Customer_26
6653,1686215,14,Customer_36
6657,1653588,14,Customer_15
6660,1689145,14,Customer_13
6663,1662552,14,Customer_32
6665,1672722,14,Customer_13
6666,1677891,14,Customer_14
6667,1676563,14,Customer_39
6669,1687346,14,Customer_28
6670,1699954,14,Customer_13
6671,1699792,14,Customer_22
6672,1692109,14,Customer_15
6674,1699953,14,Customer_14
6676,1685329,23,Customer_39
6680,1677889,14,Customer_13
6681,1693192,14,Customer_22
6684,1666507,14,Customer_21
6685,1699433,14,Customer_39
6687,1699674,14,Customer_42
6688,1697087,14,Customer_23
6689,1655723,14,Customer_32
6691,1682799,14,Customer_38
6697,1696456,14,Customer_13
6698,1681890,19,Customer_31
6700,1677889,14,Customer_26
6701,1701972,14,Customer_22
6703,1689786,14,Customer_21
6706,1699625,14,Customer_42
6709,1700094,14,Customer_32
6711,1668492,14,Customer_22
6713,1689543,14,Customer_39
6715,1652604,14,Customer_14
6718,1700139,14,Customer_36
6720,1673710,14,Customer_22
6722,1682805,14,Customer_09
6723,1658532,14,Customer_39
6725,1666519,14,Customer_18
6730,1700557,14,Customer_10
6732,1699329,14,Customer_42
6734,1699298,14,Customer_25
6736,1700130,14,Customer_36
6739,1674853,14,Customer_15
6740,1686762,23,Customer_17
6741,1685212,14,Customer_21
6742,1682757,14,Customer_42
6745,1660668,14,Customer_39
6746,1700105,14,Customer_32
6750,1689549,14,Customer_46
6751,1699353,14,Customer_25
6753,1682865,14,Customer_14
6755,1687353,23,Customer_29
6757,1689550,14,Customer_09
6760,1689779,14,Customer_42
6762,1699946,14,Customer_21
6768,1689547,14,Customer_46
6769,1697084,14,Customer_44
6771,1680245,23,Customer_30
6777,1676563,14,Customer_24
6778,1699770,14,Customer_21
6780,1697317,27,Customer_16
6781,1685332,23,Customer_39
6783,1699841,14,Customer_42
6784,1689296,14,Customer_22
6785,1680781,14,Customer_32
6786,1699524,14,Customer_27
6789,1699231,14,Customer_22
6790,1692724,27,Customer_15
6792,1696798,27,Customer_16
6794,1668612,14,Customer_22
6796,1666443,14,Customer_36
6800,1679639,14,Customer_44
6801,1683191,14,Customer_31
6802,1688621,14,Customer_42
6803,1699539,14,Customer_22
6804,1654498,14,Customer_14
6806,1654766,14,Customer_21
6807,1650904,14,Customer_14
6809,1676853,14,Customer_15
6810,1699526,14,Customer_42
6811,1671832,14,Customer_10
6812,1666954,14,Customer_18
6813,1660897,14,Customer_18
6814,1663337,14,Customer_28
6816,1677878,14,Customer_44
6819,1690001,14,Customer_21
6820,1700366,14,Customer_02
6821,1700138,14,Customer_39
6825,1696262,19,Customer_31
6826,1700869,14,Customer_46
6828,1668099,14,Customer_13
6829,1649008,14,Customer_14
6830,1692402,14,Customer_21
6831,1699844,14,Customer_27
6833,1702016,14,Customer_36
6834,1699188,14,Customer_27
6835,1699952,14,Customer_43
6840,1675615,14,Customer_28
6841,1700887,14,Customer_39
6842,1671997,14,Customer_33
6846,1662274,14,Customer_21
6847,1668547,14,Customer_22
6848,1697080,14,Customer_23
6851,1676853,14,Customer_21
6852,1699670,14,Customer_22
6854,1686435,27,Customer_21
6856,1689554,14,Customer_26
6864,1666524,14,Customer_36
6865,1637055,23,Customer_28
6866,0,13,Customer_33
6870,1699369,14,Customer_39
6873,1687346,14,Customer_25
6874,1680210,14,Customer_44
6876,1675746,14,Customer_15
6878,1683197,14,Customer_22
6880,1668346,14,Customer_25
6883,1688292,14,Customer_09
6888,1683190,14,Customer_44
6891,1699951,14,Customer_32
6892,1699689,14,Customer_27
6894,1663341,14,Customer_28
6895,1650905,14,Customer_31
6896,1700138,14,Customer_22
6899,1649002,14,Customer_15
6900,1676699,14,Customer_36
6902,1689031,14,Customer_13
6906,1696753,14,Customer_24
6909,1660583,14,Customer_28
7858,1698759,,
7002,1681890,18,
7004,1681895,18,
7005,1699770,14,
7006,1691786,24,
7007,1690143,24,
7009,1684636,14,
7010,1674493,12,
7012,1677324,27,
7014,1683426,22,
7016,1673710,14,
7017,1699757,27,
7019,1685369,28,
7020,1691393,27,
7022,1699624,27,
7024,1685277,24,
7025,1700140,14,
7026,1691700,19,
7029,1682754,14,
7030,1680697,22,
7034,0,17,
7036,1700869,14,
7037,1685027,14,
7038,1693453,14,
7041,1667126,16,
7042,1683935,14,
7045,1685076,24,
7047,1679111,27,
7049,1690634,21,
7051,1661550,24,
7052,1652615,14,
7053,1685259,24,
7055,1699188,14,
7057,1675654,14,
7058,1691756,24,
7060,1682736,14,
7061,1687707,12,
7062,1668128,14,
7065,1683392,21,
7066,1694604,12,
7067,1694272,24,
7071,1699224,27,
7072,1680742,15,
7073,1689782,22,
7074,1666957,23,
7076,1688288,13,
7081,1666466,14,
7082,1679999,27,
7083,1692277,14,
7084,1699268,14,
7087,1700360,14,
7089,1699948,15,
7093,1695348,21,
7095,1677485,27,
7098,1677578,16,
7099,1699369,14,
7102,1682850,14,
7103,1667125,16,
7107,1684330,14,
7109,1668344,14,
7110,1682859,22,
7114,1687660,12,
7118,1664251,14,
7120,1643056,14,
7122,1696256,16,
7127,1684771,15,
7129,1683769,17,
7130,1682709,13,
7131,1687892,12,
7132,1688589,14,
7133,1668094,14,
7136,1682651,22,
7140,1692984,14,
7141,1678493,14,
7142,1683999,24,
7143,1684319,27,
7144,1692729,27,
7145,1666295,14,
7146,1666959,23,
7147,1694389,24,
7150,1692940,14,
7151,1677472,27,
7152,1689502,16,
7155,1684725,15,
7157,1682787,22,
7158,1667679,16,
7159,1672564,16,
7160,1688610,13,
7163,1699630,27,
7167,1699421,14,
7168,1664416,12,
7169,1682805,13,
7170,1688750,17,
7172,1671354,16,
7174,1689940,15,
7181,1697800,24,
7182,1688587,22,
7184,1699371,14,
7186,1672003,14,
7188,1670215,14,
7189,1696215,14,
7190,1696259,18,
7191,1689146,14,
7193,1699976,14,
7194,1676851,14,
7198,1682832,14,
7200,1697317,27,
7202,1699552,14,
7203,1689012,14,
7204,1679951,12,
7205,1699670,20,
7206,1699425,14,
7207,1696752,14,
7208,1679938,12,
7210,1693453,16,
7212,1690631,14,
7214,1699795,14,
7219,1689545,21,
7220,1688778,27,
7222,1699231,14,
7224,1682757,22,
7225,1699215,27,
7227,1682790,14,
7229,1689543,22,
7230,1687643,14,
7233,1685593,16,
7235,1679638,14,
7237,1689544,13,
7238,1672345,19,
7240,1685028,14,
7241,1685307,24,
7242,1664246,14,
7245,1684647,14,
7247,1684743,13,
7248,1683769,21,
7249,1682829,14,
7254,1677877,14,
7256,1681898,18,
7257,1683409,22,
7260,1699797,14,
7261,1666519,14,
7263,1685263,24,
7266,1699525,14,
7267,1683134,13,
7268,1696574,27,
7271,1699766,14,
7272,1681129,12,
7273,1686673,27,
7275,1676699,14,
7276,1644200,14,
7277,1654498,14,
7278,1672344,21,
7279,1700097,14,
7281,1692974,14,
7285,1677256,27,
7286,1696113,16,
7288,1699842,14,
7290,1692109,14,
7293,1693602,14,
7294,1686401,14,
7295,1682865,14,
7297,1699416,14,
7298,1682778,22,
7299,1679947,12,
7300,1685282,24,
7301,1691901,12,
7302,1699700,14,
7303,1688575,21,
7305,1683365,21,
7306,1700135,12,
7307,1682769,14,
7309,1690616,22,
7310,1685261,24,
7311,1683808,21,
7312,1654621,14,
7314,1690327,14,
7316,1697084,14,
7318,1699419,14,
7321,1672565,16,
7323,1685836,12,
7326,1655982,14,
7333,1687191,22,
7335,1681953,16,
7336,1695346,14,
7338,1690155,12,
7339,1688102,15,
7340,1681374,12,
7341,1679944,12,
7346,1696017,24,
7348,1693534,12,
7349,1663140,18,
7351,1672000,14,
7352,1623991,14,
7355,1688288,21,
7357,1691761,24,
7358,1693529,12,
7359,1692114,14,
7360,1693081,14,
7364,1668369,27,
7366,1672347,18,
7369,1670651,12,
7375,1687423,12,
7377,1689548,21,
7378,1683741,15,
7380,1682859,21,
7381,1688678,14,
7382,1690621,22,
7385,1688955,12,
7388,1666992,23,
7389,1698015,14,
7392,1697084,16,
7393,1699766,15,
7394,1696262,18,
7395,1681775,14,
7396,1672722,14,
7398,1689641,27,
7399,1672707,14,
7401,1671836,14,
7403,1692852,12,
7404,1701972,14,
7406,1691532,14,
7408,1690634,22,
7411,1701418,27,
7413,1685290,24,
7414,0,18,
7415,1697872,14,
7417,1684745,15,
7418,1684796,14,
7420,1692223,12,
7423,1677889,14,
7427,1687644,14,
7428,1697085,16,
7429,1688746,21,
7430,1691788,24,
7431,1689469,14,
7433,1683399,14,
7434,1660577,14,
7435,1699214,14,
7437,1668557,14,
7438,1700014,14,
7439,1689548,13,
7440,1687384,14,
7445,1690630,22,
7447,1700003,14,
7448,1673716,27,
7450,1689783,22,
7451,1672345,18,
7452,1685834,12,
7453,1695927,12,
7454,1671966,14,
7456,1671945,14,
7457,1677614,12,
7458,1683417,14,
7461,1689032,14,
7462,1694559,12,
7464,1697428,12,
7465,1677504,27,
7469,1692955,14,
7470,1680561,14,
7471,1688106,15,
7473,1692108,16,
7474,1672052,14,
7475,1683354,22,
7476,1672117,14,
7478,1664340,16,
7479,1664051,14,
7480,1685599,16,
7481,1685273,24,
7482,1699326,14,
7483,1689544,21,
7484,1698320,12,
7485,1695345,21,
7486,1668612,14,
7488,1699526,14,
7489,1693019,14,
7490,1696205,24,
7492,1682769,21,
7493,1655818,14,
7495,1679950,12,
7496,1698015,15,
7497,1680961,24,
7499,1698898,14,
7500,1684767,13,
7501,1697212,27,
7502,1693527,12,
7503,1691791,24,
7504,1685841,12,
7505,1701324,12,
7506,1690616,21,
7507,1691548,14,
7508,1698128,15,
7509,1653237,24,
7510,1674916,28,
7511,1691700,21,
7514,1692056,21,
7516,1682763,14,
7517,1664254,14,
7518,1694783,27,
7519,1696262,16,
7522,1696299,14,
7523,1684730,21,
7524,1696073,15,
7526,1674384,12,
7527,1684717,16,
7529,1690265,12,
7534,1687417,12,
7535,1688750,15,
7537,1682712,14,
7539,1684752,22,
7540,1691759,24,
7541,1689788,14,
7542,1680742,14,
7546,1681379,24,
7550,1696290,14,
7552,1670498,24,
7553,1683403,21,
7556,1696020,24,
7557,1689545,14,
7558,1679943,12,
7560,1682805,21,
7561,0,20,
7569,1684740,13,
7570,1694384,24,
7571,1685276,24,
7576,0,22,
7577,1684743,15,
7582,1682793,13,
7583,1691937,12,
7585,1697526,12,
7587,1682681,14,
7588,1689785,14,
7589,1697443,15,
7592,1696075,15,
7594,1699353,14,
7596,1688615,14,
7600,1682757,13,
7603,1683528,16,
7604,1690630,21,
7605,1681778,16,
7609,1686754,14,
7612,1681778,14,
7613,1680210,14,
7615,1686002,12,
7618,1685378,28,
7619,1660883,29,
7620,1690372,12,
7622,1684645,13,
7626,1649002,14,
7627,1687642,14,
7628,1686209,15,
7629,1685275,24,
7630,0,28,
7631,1682784,14,
7632,1662317,14,
7633,1699666,14,
7641,1675746,16,
7652,1697434,12,
7653,1689617,12,
7654,1688547,12,
7660,1702654,27,
7661,1685292,24,
7664,1691650,14,
7665,1676151,28,
7666,1672483,12,
7667,1684752,15,
7668,1684649,21,
7669,1700121,14,
7670,1683635,14,
7671,1661315,16,
7673,1683710,18,
7674,1697083,14,
7675,1651126,14,
7678,1699337,27,
7681,1680697,13,
7682,1680966,24,
7683,1656246,14,
7691,1689785,22,
7692,1682799,22,
7694,1688292,21,
7695,1650946,16,
7696,1683388,14,
7697,1666994,29,
7698,1684724,13,
7699,1677692,14,
7704,1660585,14,
7705,1692863,12,
7707,1700738,14,
7708,1662989,16,
7709,1695817,14,
7711,1684524,12,
7713,1690488,12,
7715,1682838,14,
7716,1685107,17,
7717,0,26,
7719,1684741,15,
7720,1684724,21,
7721,1684170,14,
7722,1681468,12,
7723,1685288,24,
7724,1680718,15,
7725,1685167,27,
7728,1696201,24,
7729,1699242,14,
7730,1682739,14,
7734,1699951,15,
7736,1683424,14,
7737,1690614,13,
7739,1697444,15,
7741,1683773,14,
7742,1683740,15,
7743,1697306,14,
7744,1699623,14,
7745,1683760,13,
7747,1690621,14,
7749,1668496,14,
7750,1697080,16,
7752,1675810,23,
7755,1682835,14,
7756,1682757,14,
7757,1682778,14,
7759,1621719,24,
7761,1699674,14,
7764,1683426,13,
7767,1699524,14,
7770,0,24,
7772,1685491,15,
7775,1689546,22,
7777,1683527,21,
7778,1689781,22,
7779,1699697,14,
7786,1683361,17,
7787,1687774,14,
7790,1699380,14,
7796,1689784,22,
7799,1699946,14,
7800,1684637,13,
7803,1668343,14,
7809,1699948,14,
7811,1684649,15,
7812,1681688,23,
7813,1694273,24,
7815,1683407,22,
7816,1644062,14,
7817,1687708,12,
7818,1683523,16,
7820,1699950,15,
7823,1689298,14,
7824,1671819,14,
7826,1685258,24,
7827,1668362,14,
7828,1681883,19,
7829,1691783,24,
7830,1672621,16,
7832,1685280,24,
7834,1682832,13,
7835,1670729,12,
7839,1697454,15,
7840,1654497,14,
7843,1651377,14,
7844,1688092,15,
7845,1697128,12,
7847,1701550,12,
7848,1669584,14,
7849,1688629,14,
7850,1684767,15,
7851,1682366,16,
7852,1699768,15,
7853,1690273,12,
7854,1685250,24,
7855,1685281,24,
7856,1699591,14,
7861,1697147,12,
7864,1683426,21,
7866,1687353,23,
7867,1660742,16,
7868,1699298,14,
7869,1664258,14,
7871,1689539,27,
7872,1688880,12,
7873,1699372,14,
7876,1668639,14,
7877,1613321,14,
7881,1688621,21,
7883,0,13,
7884,1682832,21,
7885,1695766,12,
7886,1692226,12,
7888,1685305,24,
7890,1688633,22,
7891,1684649,17,
7892,1692942,14,
7893,1677328,27,
7894,1700958,14,
7895,1687346,14,
7896,1690621,21,
7897,1700142,14,
7901,1680682,15,
7902,1694139,28,
7907,1683430,14,
7909,1678000,14,
7910,1693101,14,
7913,1677690,14,
7915,1680690,15,
7917,1699947,14,
7920,1699369,20,
7922,1689550,14,
7924,1671769,29,
7928,1698749,12,
7930,1654619,14,
7931,1700870,14,
7932,1694557,12,
7933,1660578,14,
7934,1685952,23,
7938,1697080,14,
7941,1699312,14,
7942,1637055,23,
7943,1696798,27,
7945,1700871,14,
7946,1692106,14,
7948,1699248,14,
7955,1683354,14,
7959,1674918,28,
7960,1695911,15,
7961,1699971,14,
7962,1685294,24,
7964,1688621,22,
7965,1683407,13,
7967,1682853,13,
7968,1689779,14,
7972,1673246,14,
7973,1680699,21,
7974,1683769,13,
7975,1696482,14,
7976,1692401,14,
7979,1685107,22,
7980,1688290,14,
7981,1698930,14,
7982,1689549,14,
7983,1682802,14,
7984,1690493,12,
7987,1699769,14,
7989,1673687,14,
7990,1657063,14,
7992,1684644,13,
7995,1683636,14,
7996,1652080,14,
7997,1688589,13,
8002,1672088,14,
8005,1699308,14,
8006,1671951,14,
8009,1689548,14,
8010,1686434,27,
8011,1652644,14,
8012,1668492,14,
8014,1677887,14,
8018,1692333,14,
8020,1684170,15,
8024,1692867,12,
7001,1699696,14,Customer_22
7003,1662238,14,Customer_14
7008,1687521,14,Customer_13
7011,1689145,14,Customer_31
7013,1672245,24,Customer_28
7015,1699310,14,Customer_42
7018,1699022,14,Customer_27
7021,1677889,14,Customer_09
7023,1690006,14,Customer_28
7027,1690616,14,Customer_33
7028,1699794,14,Customer_24
7031,1677878,14,Customer_28
7032,1688629,14,Customer_33
7033,1658528,14,Customer_28
7035,1689033,14,Customer_13
7039,1672713,14,Customer_14
7040,1682769,14,Customer_42
7043,1668128,14,Customer_26
7044,1690621,14,Customer_39
7046,1662238,14,Customer_28
7048,1668547,14,Customer_15
7050,1692956,14,Customer_29
7054,1668607,14,Customer_13
7056,1654766,14,Customer_32
7059,1699540,14,Customer_27
7063,1683634,14,Customer_31
7064,1687346,14,Customer_46
7068,1699555,14,Customer_42
7069,1677891,14,Customer_09
7070,1668545,14,Customer_26
7075,1676942,14,Customer_15
7077,1666990,23,Customer_39
7078,1693453,14,Customer_07
7079,1690617,14,Customer_46
7080,1699242,14,Customer_25
7085,1668097,14,Customer_29
7086,1699315,14,Customer_42
7088,1682679,14,Customer_10
7090,1686463,14,Customer_36
7091,1623991,14,Customer_13
7092,1691700,14,Customer_13
7094,0,13,Customer_38
7096,1690006,14,Customer_21
7097,1697087,14,Customer_21
7100,1651299,14,Customer_21
7101,1696746,14,Customer_31
7104,1697444,14,Customer_31
7105,1683200,14,Customer_31
7106,1663347,14,Customer_13
7108,1687346,14,Customer_44
7111,1615677,14,Customer_21
7112,1663396,14,Customer_01
7113,1662552,14,Customer_28
7115,1692723,27,Customer_21
7116,1662552,14,Customer_44
7117,1689541,14,Customer_39
7119,1689012,14,Customer_15
7121,1660579,14,Customer_13
7123,1620552,14,Customer_13
7124,1700140,14,Customer_28
7125,1699674,14,Customer_27
7126,1700094,14,Customer_25
7128,1692108,14,Customer_28
7134,1697080,14,Customer_28
7135,1700958,14,Customer_13
7137,1683197,14,Customer_31
7138,1699955,14,Customer_21
7139,1699948,14,Customer_13
7148,1682802,14,Customer_46
7149,1652630,14,Customer_13
7153,1646392,24,Customer_26
7154,1653237,24,Customer_33
7156,1655373,14,Customer_15
7161,1654623,14,Customer_21
7162,1698977,14,Customer_27
7164,1693700,14,Customer_28
7165,1668547,14,Customer_46
7166,1696654,14,Customer_07
7171,1672986,19,Customer_05
7173,1668496,14,Customer_31
7175,1668492,14,Customer_14
7176,1700130,14,Customer_28
7177,1655818,14,Customer_14
7178,1689145,14,Customer_32
7179,1668545,14,Customer_31
7180,1699546,14,Customer_27
7183,1699562,14,Customer_42
7185,1697080,14,Customer_44
7187,1677891,14,Customer_18
7192,1683203,14,Customer_24
7195,1691393,27,Customer_21
7196,1687661,14,Customer_21
7197,1697444,14,Customer_15
7199,1689549,14,Customer_33
7201,1678759,14,Customer_32
7209,1696754,14,Customer_31
7211,1688571,14,Customer_33
7213,1700570,14,Customer_10
7215,1677884,14,Customer_22
7216,1682859,14,Customer_09
7217,1692940,14,Customer_13
7218,1680915,14,Customer_24
7221,0,13,Customer_28
7223,1683935,14,Customer_36
7226,1683636,14,Customer_24
7228,1697071,14,Customer_28
7231,1685333,23,Customer_33
7232,1683199,14,Customer_24
7234,1682757,14,Customer_09
7236,1676566,14,Customer_13
7239,1660885,14,Customer_32
7243,1699318,14,Customer_27
7244,1699993,14,Customer_42
7246,1687346,14,Customer_32
7250,1663341,14,Customer_21
7251,1688589,14,Customer_46
7252,1686756,14,Customer_21
7253,1651298,14,Customer_32
7255,1699336,27,Customer_16
7258,1690006,14,Customer_32
7259,1677878,14,Customer_26
7262,1689147,14,Customer_15
7264,1683199,14,Customer_21
7265,1699268,14,Customer_27
7269,1689145,14,Customer_44
7270,1664051,14,Customer_14
7274,1681376,24,Customer_35
7280,1677877,14,Customer_32
7282,1699625,14,Customer_27
7283,1655723,14,Customer_21
7284,1621717,23,Customer_13
7287,1668545,14,Customer_13
7289,1693618,14,Customer_25
7291,1641237,14,Customer_28
7292,1662395,14,Customer_15
7296,1697883,27,Customer_16
7304,1651933,14,Customer_14
7308,1688571,14,Customer_46
7313,1699371,14,Customer_42
7315,1696748,14,Customer_13
7317,1689547,14,Customer_34
7319,1677878,14,Customer_22
7320,1689469,14,Customer_05
7322,1674378,24,Customer_28
7324,1660677,14,Customer_24
7325,1677690,14,Customer_13
7327,1688587,14,Customer_02
7328,1699361,14,Customer_22
7329,1682805,14,Customer_28
7330,1699953,14,Customer_32
7331,1656839,14,Customer_14
7332,1692333,14,Customer_36
7334,1655818,14,Customer_28
7337,1683200,14,Customer_22
7342,1699948,14,Customer_43
7343,1689546,14,Customer_39
7344,1682832,14,Customer_33
7345,1688575,14,Customer_29
7347,1700138,14,Customer_36
7350,1693117,14,Customer_26
7353,1662551,14,Customer_05
7354,1669409,14,Customer_29
7356,1668612,14,Customer_32
7361,1623991,14,Customer_14
7362,1668547,14,Customer_25
7363,1682754,14,Customer_09
7365,1682757,14,Customer_46
7367,1695345,14,Customer_21
7368,1651350,14,Customer_21
7370,1682814,14,Customer_42
7371,1677229,23,Customer_28
7372,1700094,14,Customer_31
7373,1660885,14,Customer_21
7374,1689547,14,Customer_33
7376,1663341,14,Customer_14
7379,1651126,14,Customer_15
7383,1666994,23,Customer_28
7384,1696075,14,Customer_23
7386,1682648,14,Customer_09
7387,1688587,14,Customer_18
7390,1682739,14,Customer_29
7391,1676853,14,Customer_32
7397,1690621,14,Customer_46
7400,1666961,23,Customer_39
7402,1692108,14,Customer_32
7405,1674853,14,Customer_14
7407,1668545,14,Customer_32
7409,1699380,14,Customer_27
7410,1689147,14,Customer_28
7412,1684497,24,Customer_35
7416,1699834,14,Customer_27
7419,1697781,23,Customer_39
7421,1687346,14,Customer_22
7422,1680210,14,Customer_13
7424,1688294,14,Customer_29
7425,1682914,23,Customer_12
7426,1699022,14,Customer_42
7432,1682835,14,Customer_33
7436,1697080,14,Customer_21
7441,1671942,14,Customer_14
7442,1688629,14,Customer_34
7443,1693747,14,Customer_39
7444,1666954,14,Customer_26
7446,1690627,14,Customer_39
7449,1657013,23,Customer_39
7455,1669409,14,Customer_31
7459,1693700,14,Customer_32
7460,1689783,14,Customer_46
7463,1699666,14,Customer_39
7466,1693019,14,Customer_26
7467,1681699,23,Customer_12
7468,1652887,24,Customer_28
7472,1690327,14,Customer_15
7477,1683424,14,Customer_09
7487,1692333,14,Customer_06
7491,1696074,14,Customer_23
7494,1682751,14,Customer_24
7498,1700140,14,Customer_39
7512,1662554,14,Customer_21
7513,1693618,14,Customer_31
7515,1668347,14,Customer_21
7520,1696758,14,Customer_13
7521,1683405,14,Customer_09
7525,1683203,14,Customer_15
7528,1700097,14,Customer_31
7530,1669702,14,Customer_21
7531,1668545,14,Customer_28
7532,1654497,14,Customer_13
7533,1697080,14,Customer_32
7536,1671834,14,Customer_10
7538,1699952,14,Customer_21
7543,1683409,14,Customer_09
7544,1682736,14,Customer_46
7545,1650568,14,Customer_15
7547,1680245,23,Customer_39
7548,1652644,14,Customer_21
7549,1698988,14,Customer_27
7551,1699539,14,Customer_27
7554,1699561,14,Customer_42
7555,1677884,14,Customer_13
7559,1698997,14,Customer_25
7562,1699953,14,Customer_08
7563,1672713,14,Customer_33
7564,1692722,27,Customer_21
7565,1701405,14,Customer_18
7566,1695687,14,Customer_36
7567,1687491,14,Customer_24
7568,1693101,14,Customer_26
7572,1622685,14,Customer_15
7573,1701462,14,Customer_14
7574,1685329,23,Customer_18
7575,1671942,14,Customer_21
7578,1671246,23,Customer_28
7579,1690145,24,Customer_35
7580,1695346,14,Customer_18
7581,1685076,24,Customer_33
7584,1684703,14,Customer_01
7586,1676563,14,Customer_13
7590,1699248,14,Customer_42
7591,1668343,14,Customer_25
7593,1699573,14,Customer_27
7595,1700014,14,Customer_22
7597,1675655,14,Customer_26
7598,1689781,14,Customer_18
7599,1620510,14,Customer_13
7601,1660563,14,Customer_14
7602,1677889,14,Customer_21
7606,1689556,14,Customer_26
7607,1702653,27,Customer_16
7608,1682760,14,Customer_42
7610,1683560,14,Customer_14
7611,1670215,14,Customer_05
7614,1697084,14,Customer_28
7616,1674853,14,Customer_18
7617,1689548,14,Customer_13
7621,1683419,14,Customer_29
7623,1688678,14,Customer_21
7624,1675654,14,Customer_21
7625,1683392,14,Customer_29
7634,1643057,14,Customer_15
7635,1650685,14,Customer_15
7636,1685332,23,Customer_18
7637,1700094,14,Customer_21
7638,1696073,14,Customer_13
7639,1666441,14,Customer_13
7640,1660585,14,Customer_28
7642,1662552,14,Customer_31
7643,1672712,14,Customer_28
7644,1699326,14,Customer_27
7645,1666954,14,Customer_21
7646,1701406,14,Customer_46
7647,1688571,14,Customer_09
7648,1700137,14,Customer_28
7649,1689780,14,Customer_42
7650,1687384,14,Customer_36
7651,1680561,14,Customer_21
7655,1655985,24,Customer_33
7656,1699772,14,Customer_21
7657,1699567,14,Customer_42
7658,1682802,14,Customer_32
7659,1655982,14,Customer_15
7662,1682796,14,Customer_33
7663,1689546,14,Customer_13
7672,1683354,14,Customer_15
7676,1700097,14,Customer_25
7677,1686215,14,Customer_28
7679,1651302,14,Customer_28
7680,1688629,14,Customer_42
7684,1621719,24,Customer_13
7685,1692737,27,Customer_21
7686,1677889,14,Customer_32
7687,1664051,14,Customer_13
7688,1697083,14,Customer_28
7689,1666295,14,Customer_25
7690,1695346,14,Customer_21
7693,1682850,14,Customer_38
7700,1687346,14,Customer_31
7701,1697230,14,Customer_31
7702,1699419,14,Customer_42
7703,1699562,14,Customer_27
7706,1690619,14,Customer_39
7710,1700558,14,Customer_10
7712,1663341,14,Customer_22
7714,1689145,14,Customer_14
7718,1688589,14,Customer_33
7726,1683197,14,Customer_21
7727,1690621,14,Customer_28
7731,1668545,14,Customer_25
7732,1689543,14,Customer_09
7733,1689548,14,Customer_21
7735,1689544,14,Customer_46
7738,1683203,14,Customer_31
7740,1666466,14,Customer_14
7746,1689548,14,Customer_46
7748,1684170,14,Customer_13
7751,1699369,20,Customer_29
7753,1617826,23,Customer_33
7754,1697872,14,Customer_09
7758,1672707,14,Customer_21
7760,1651299,14,Customer_31
7762,1668346,14,Customer_21
7763,1682760,14,Customer_29
7765,1674380,24,Customer_28
7766,1652611,14,Customer_14
7768,1699676,14,Customer_27
7769,1656353,14,Customer_24
7771,1682763,14,Customer_46
7773,1699792,14,Customer_27
7774,1699976,14,Customer_05
7776,1683432,14,Customer_46
7780,1671833,14,Customer_10
7781,1672091,14,Customer_13
7782,1672721,14,Customer_28
7783,1669702,14,Customer_26
7784,1683200,14,Customer_32
7785,1651366,14,Customer_24
7788,1658528,14,Customer_13
7789,1672722,14,Customer_18
7791,1689548,14,Customer_29
7792,1689549,14,Customer_09
7793,1699268,14,Customer_29
7794,1682760,14,Customer_38
7795,1672713,14,Customer_13
7797,1687661,14,Customer_14
7798,1675655,14,Customer_24
7801,1666954,14,Customer_15
7802,1692731,27,Customer_21
7804,1672707,14,Customer_39
7805,1675655,14,Customer_32
7806,1682709,14,Customer_09
7807,1684755,14,Customer_39
7808,1688610,14,Customer_33
7810,1699770,14,Customer_44
7814,1682681,14,Customer_10
7819,1654766,14,Customer_23
7821,1691546,14,Customer_29
7822,1696488,14,Customer_31
7825,1692950,14,Customer_24
7831,1699948,14,Customer_08
7833,1699249,14,Customer_27
7836,1679638,14,Customer_14
7837,1629341,14,Customer_15
7838,1672722,14,Customer_14
7841,1656944,23,Customer_21
7842,1685963,23,Customer_33
7846,1685760,14,Customer_36
7857,1699570,14,Customer_29
7859,1681882,19,Customer_21
7860,1656839,14,Customer_31
7862,1699946,14,Customer_08
7863,1699953,14,Customer_07
7865,1682832,14,Customer_05
7870,1682802,14,Customer_42
7874,1699951,14,Customer_42
7875,1688629,14,Customer_39
7878,1654623,14,Customer_13
7879,1668550,14,Customer_25
7880,1702654,27,Customer_16
7882,1671426,14,Customer_45
7887,1684170,15,Customer_13
7889,1689548,14,Customer_34
7898,1651377,14,Customer_05
7899,1666317,14,Customer_14
7900,1700569,14,Customer_28
7903,1690630,14,Customer_46
7904,1682210,14,Customer_36
7905,1682769,14,Customer_28
7906,1699368,14,Customer_25
7908,1681885,19,Customer_31
7911,1649002,14,Customer_32
7912,1670498,24,Customer_21
7914,1695062,14,Customer_22
7916,1694456,14,Customer_36
7918,1699416,14,Customer_42
7919,1693001,14,Customer_29
7921,1700362,14,Customer_46
7923,1688575,14,Customer_09
7925,1699220,14,Customer_42
7926,1688571,14,Customer_39
7927,1699842,14,Customer_27
7929,1675654,14,Customer_13
7935,1689782,14,Customer_46
7936,1667817,14,Customer_14
7937,1654622,14,Customer_26
7939,1699976,14,Customer_46
7940,1654621,14,Customer_13
7944,1679991,23,Customer_30
7947,1663347,14,Customer_20
7949,1683282,14,Customer_28
7950,1682769,14,Customer_38
7951,1650904,14,Customer_39
7952,1671942,14,Customer_32
7953,1682832,14,Customer_46
7954,1668550,14,Customer_21
7956,1699372,14,Customer_22
7957,1649002,14,Customer_21
7958,1683197,14,Customer_24
7963,1696488,14,Customer_13
7966,1685329,23,Customer_28
7969,1697085,14,Customer_08
7970,1680245,23,Customer_42
7971,1692987,14,Customer_29
7977,1655723,14,Customer_14
7978,1685330,23,Customer_30
7985,1666507,14,Customer_13
7986,1682745,14,Customer_13
7988,1699540,14,Customer_42
7991,1689780,14,Customer_21
7993,1672664,14,Customer_21
7994,1660585,14,Customer_24
7998,1694720,14,Customer_31
7999,1682736,14,Customer_09
8000,1677884,14,Customer_14
8001,1699283,14,Customer_29
8003,1677878,14,Customer_18
8004,1700142,14,Customer_21
8007,1681883,19,Customer_31
8008,1700362,14,Customer_28
8013,1657475,14,Customer_13
8015,1699372,14,Customer_42
8016,1696074,14,Customer_32
8017,1687774,14,Customer_36
8019,1660153,14,Customer_15
8021,1689782,14,Customer_21
8022,1689146,14,Customer_23
8023,1658528,14,Customer_22
8102,1678674,14,
8103,1642993,14,
8104,1681878,18,
8105,1685256,24,
8107,1675507,28,
8108,1689547,14,
8109,1690001,14,
8110,1681878,21,
8116,1684772,22,
8117,1675670,14,
8118,1671807,14,
8123,1700130,14,
8124,1653584,14,
8125,1694812,27,
8126,1680742,22,
8127,1694775,27,
8130,1682787,14,
8131,1690627,21,
8132,1655985,24,
8134,1684752,17,
8135,1679953,12,
8137,1660668,14,
8138,1699949,15,
8140,1666317,14,
8142,1693035,27,
8143,1699792,14,
8144,1689553,14,
8147,1677891,14,
8148,1681954,16,
8151,1680697,21,
8153,1635536,14,
8154,1686215,14,
8155,1700307,12,
8156,1699570,14,
8157,1699540,20,
8158,1692224,12,
8164,1688288,14,
8166,1684725,22,
8167,1683800,15,
8168,1699682,14,
8169,1684645,21,
8172,1700304,12,
8174,1683403,13,
8175,1696758,14,
8176,1690627,13,
8179,1682766,14,
8180,1685722,15,
8183,1684768,15,
8184,1685546,24,
8185,1672706,14,
8186,1668351,27,
8187,1692333,20,
8190,1661320,16,
8191,1699676,14,
8194,1680434,12,
8195,1692656,27,
8197,1683409,14,
8198,1682826,14,
8201,1680781,14,
8202,1681955,16,
8203,1699769,15,
8205,1684644,22,
8206,1688598,14,
8208,1664061,14,
8210,1667071,16,
8211,1687416,12,
8213,1684864,14,
8214,1691461,27,
8215,1692987,14,
8216,1697884,27,
8217,1699546,14,
8219,1682709,21,
8220,1688589,21,
8221,1684668,21,
8224,1679991,23,
8229,1699246,14,
8232,1699974,14,
8233,1692115,16,
8237,1673604,12,
8238,1668547,14,
8239,1679571,14,
8245,1681700,23,
8246,1682745,14,
8248,1674085,14,
8249,1668127,14,
8250,1690529,12,
8251,1699548,14,
8252,1682727,13,
8253,1691760,24,
8256,1699315,14,
8262,1673354,12,
8264,1696114,16,
8265,1668421,16,
8266,1683361,16,
8267,1683558,14,
8268,1682859,13,
8270,1683146,22,
8272,1667164,16,
8273,1688924,27,
8274,1682796,14,
8275,1696212,14,
8281,1682210,14,
8287,1689461,23,
8289,1682853,21,
8290,1685211,14,
8291,1682802,13,
8292,1668545,14,
8294,1652887,24,
8295,1699239,14,
8296,1683527,16,
8298,1657013,23,
8300,1677501,27,
8301,1685321,23,
8302,1681136,12,
8303,1684740,21,
8304,1688678,15,
8305,1697938,15,
8306,1699954,15,
8307,1666470,14,
8308,1687670,12,
8309,1694561,12,
8310,1685370,14,
8313,1683354,16,
8315,1688768,27,
8316,1654623,14,
8317,1663396,14,
8318,1688746,15,
8321,1668419,16,
8322,1672720,14,
8323,1699022,14,
8324,1686209,17,
8326,1684649,22,
8327,1672028,14,
8328,1684497,24,
8329,1685173,27,
8330,1699576,14,
8331,1661321,16,
8332,1685279,24,
8334,1685333,23,
8337,1671248,23,
8340,1691546,13,
8343,1636236,14,
8344,1622685,14,
8347,1686657,23,
8349,1685269,24,
8350,1668550,14,
8351,1692105,16,
8353,1680738,15,
8355,1688285,13,
8357,1699311,14,
8358,1677350,27,
8359,1683432,13,
8363,1686433,27,
8364,1690628,13,
8365,1690123,12,
8367,1691548,21,
8368,1692946,14,
8369,1667817,14,
8370,1656944,23,
8371,1683401,13,
8373,1684668,16,
8374,1697082,16,
8376,1688610,14,
8377,1683525,16,
8379,1694565,12,
8380,1669083,27,
8381,1686754,15,
8382,1690619,14,
8385,1664260,14,
8386,1685245,24,
8387,1684646,21,
8388,1692109,16,
8391,1682796,13,
8392,1680742,21,
8393,1688629,13,
8394,1654251,14,
8398,1698924,14,
8400,1694217,28,
8401,1692113,17,
8402,1650685,14,
8403,1699310,14,
8404,1694720,14,
8406,1683401,14,
8407,1679087,12,
8408,1682787,21,
8410,1664343,16,
8413,1672709,14,
8417,1682651,21,
8418,1684767,21,
8423,1664500,29,
8425,1689550,13,
8426,1682736,13,
8427,1697081,14,
8431,1682763,22,
8435,1684330,15,
8436,1672986,19,
8438,1689296,14,
8439,1674853,14,
8441,1699974,15,
8442,1685825,12,
8444,1685257,24,
8445,1677199,12,
8447,1684741,13,
8448,1684636,15,
8450,1684743,14,
8451,1695139,14,
8452,1689551,14,
8454,1683633,14,
8455,1696298,14,
8457,1696864,12,
8458,1660530,14,
8459,1657437,14,
8461,1682796,22,
8462,1688290,21,
8464,1683397,13,
8466,1693865,14,
8467,1671833,14,
8468,1663140,19,
8469,1699834,14,
8470,1687626,27,
8472,1683286,16,
8473,1699771,14,
8474,1690490,12,
8475,1661119,23,
8476,1699620,27,
8480,1629341,14,
8483,1682772,13,
8485,1683802,21,
8487,1683795,17,
8489,1690294,14,
8490,1692107,14,
8491,1699952,14,
8493,1696754,14,
8494,1694560,12,
8495,1665087,16,
8501,1697951,14,
8502,1699557,14,
8512,1688292,22,
8516,1687418,12,
8517,1673790,12,
8519,1688285,21,
8520,1662552,14,
8521,1683417,21,
8523,1697939,15,
8525,1696203,24,
8528,1661319,16,
8529,1656347,14,
8530,1688954,12,
8532,1650586,14,
8535,1697883,27,
8536,1684773,13,
8539,1699336,27,
8540,1699575,14,
8541,1685170,27,
8542,1682799,13,
8543,1689554,14,
8544,1672714,14,
8545,1700887,14,
8546,1684646,17,
8547,1680684,13,
8549,1677865,28,
8551,1685603,15,
8553,1691770,24,
8554,1688695,15,
8555,1650404,23,
8557,1697444,14,
8558,1681721,16,
8559,1683392,22,
8562,1676009,12,
8564,1615677,14,
8567,1701462,14,
8569,1689784,13,
8570,1678494,14,
8571,1693740,14,
8572,1689551,13,
8573,1689033,14,
8574,1683432,14,
8576,1689457,23,
8577,1695348,14,
8578,1684644,21,
8579,1697521,12,
8583,1685246,24,
8584,1682742,14,
8585,1685329,23,
8592,1681897,18,
8593,1688633,13,
8599,1684642,14,
8600,1677884,14,
8601,1683134,21,
8602,1684636,21,
8603,1692108,14,
8605,1699539,14,
8606,1691889,12,
8607,1672721,14,
8611,1685760,14,
8612,1620510,14,
8613,1696074,15,
8616,1692056,16,
8617,1683365,16,
8618,1689782,21,
8619,1695622,12,
8621,1685301,24,
8625,1683739,13,
8627,1650568,14,
8629,1682859,14,
8632,1684560,14,
8634,1691700,14,
8635,1671939,14,
8636,1687191,15,
8637,1691782,24,
8638,1696746,14,
8639,1683704,14,
8641,1693122,14,
8642,1681973,15,
8644,1688294,13,
8647,1690043,15,
8649,1668409,16,
8650,1660153,13,
8652,0,27,
8653,1687424,12,
8654,1689782,13,
8657,1675747,16,
8658,1684728,22,
8660,1689546,21,
8661,1691765,24,
8662,1691763,24,
8665,1691772,24,
8666,1685295,24,
8668,1674598,14,
8671,1685254,24,
8672,1677229,23,
8674,1684722,21,
8676,0,19,
8677,1682811,14,
8678,1699772,14,
8679,1683140,15,
8680,1650715,23,
8682,1683739,21,
8683,1702653,27,
8685,1674181,24,
8686,1690001,21,
8689,1690630,13,
8690,1678648,14,
8691,1685213,14,
8693,1686758,15,
8694,1679945,12,
8696,1664344,16,
8697,1701406,14,
8704,1697087,14,
8705,1688929,27,
8708,1691780,24,
8709,1657064,14,
8710,1697102,16,
8711,1672091,14,
8712,1666990,23,
8713,1666524,14,
8716,1636782,14,
8717,1668606,14,
8719,1678759,14,
8720,1673058,16,
8721,1666985,27,
8723,1688587,14,
8726,1684728,13,
8728,1684743,21,
8730,1699220,14,
8731,1680503,24,
8732,1680734,14,
8733,1687643,17,
8735,1680674,13,
8737,1696488,14,
8738,1685628,15,
8740,1682715,22,
8742,1690632,14,
8743,1682594,23,
8744,1688695,21,
8746,1694911,12,
8749,1677163,12,
8752,1673316,12,
8754,1685260,24,
8757,1677250,27,
8760,1675500,16,
8761,1655723,14,
8762,1685595,16,
8765,1672049,14,
8766,1685214,14,
8767,1684725,17,
8768,1696549,12,
8769,1674111,16,
8771,1694845,12,
8773,1661316,16,
8775,1660677,14,
8779,1696573,27,
8781,1679995,24,
8782,1653969,24,
8784,1691893,12,
8785,1672661,14,
8788,1669083,29,
8789,1683773,13,
8790,1683769,15,
8791,1679993,24,
8792,1699770,15,
8795,1683354,17,
8796,1685963,23,
8797,1666961,23,
8801,1668382,27,
8802,1694566,12,
8803,1657475,14,
8804,1695349,14,
8805,1684722,22,
8806,1667143,16,
8807,1669095,12,
8808,1689556,14,
8810,1672110,14,
8813,1698977,14,
8815,1700382,14,
8816,1692899,20,
8818,1684644,17,
8819,1683294,16,
8820,1678652,14,
8821,1668555,14,
8824,1684730,13,
8827,1670203,14,
8828,1699573,14,
8830,1682502,12,
8832,1694387,24,
8833,1686758,22,
8837,1656873,16,
8838,1691771,24,
8839,1700769,14,
8841,1680697,15,
8844,1685248,24,
8847,1684755,14,
8849,1699173,14,
8851,1685330,23,
8852,1684634,15,
8853,1682778,13,
8854,1672986,18,
8855,1699290,14,
8856,1660748,16,
8857,1697952,15,
8858,1679956,12,
8859,1665542,12,
8860,1692722,27,
8861,1696757,14,
8862,1699540,14,
8865,1686435,27,
8866,1656839,14,
8869,1700128,14,
8870,1697781,23,
8872,1683709,18,
8876,1692105,14,
8880,1654622,14,
8881,1697306,15,
8882,1677618,12,
8883,1689781,14,
8884,1683392,14,
8885,1699774,15,
8886,1692106,16,
8887,1685212,14,
8888,1696258,18,
8889,1672344,18,
8892,1683417,22,
8893,1699583,14,
8894,1698129,15,
8895,1684865,14,
8897,1685011,12,
8898,1668350,27,
8901,1674380,12,
8902,1652538,14,
8904,1684772,15,
8905,1682914,23,
8906,1697524,12,
8914,1682793,22,
8915,1683749,15,
8917,1660153,14,
8918,1668039,27,
8919,1672344,19,
8920,1669741,29,
8926,1696263,16,
8929,1697954,15,
8933,1699691,14,
8934,1685274,24,
8935,1668792,27,
8936,1666750,16,
8937,1691701,19,
8939,1667126,14,
8941,1682754,13,
8944,1692723,27,
8945,1695345,14,
8946,1683190,14,
8948,1692899,14,
8951,1696356,27,
8952,1682793,14,
8953,1683191,14,
8954,1680562,14,
8960,1699562,14,
8961,1699561,14,
8962,1677581,16,
8964,1683403,22,
8965,1683749,13,
8967,1694777,27,
8968,1695949,27,
8970,1685837,12,
8973,1683749,22,
8974,1652499,14,
8975,1682959,23,
8976,1656889,16,
8977,1689643,15,
8978,1694456,14,
8980,1683134,15,
8987,1660580,14,
8988,1687644,15,
8989,0,16,
8991,1684771,22,
8992,1696202,24,
8997,1688695,17,
8998,1653973,24,
8999,1668607,14,
9000,1658528,14,
9003,1685009,12,
9004,1689888,12,
9005,1694985,12,
9006,1693192,14,
9007,1646909,14,
9008,1685298,24,
9009,1695062,14,
9011,0,14,
9013,1696074,14,
9014,1694390,24,
9015,1687354,23,
9018,1684773,22,
9019,1660668,13,
9021,1679946,12,
9022,1689547,22,
9024,1699537,14,
9029,1685174,27,
9030,1682593,12,
9033,1683419,22,
9034,1693001,14,
9036,1665863,12,
9037,1677326,27,
9038,1700366,14,
9041,1701405,14,
9042,1664345,16,
9044,1690491,12,
9046,1682727,14,
9047,1688633,14,
9052,1684772,21,
9054,1692950,14,
9061,1699586,14,
9062,1689780,13,
9069,1682748,14,
9070,1674718,29,
9071,1656889,13,
9075,1692731,27,
9080,1694789,12,
9086,1680736,14,
9089,1698131,15,
9091,1694791,12,
9092,1695687,20,
9094,1697082,14,
9095,1699574,14,
9096,1684637,17,
9097,1674635,23,
9098,1690006,14,
9106,1684005,24,
9108,1699465,14,
9109,1682787,13,
9110,1660583,14,
9112,1689545,22,
9113,1688633,21,
9114,1689546,14,
9115,1670726,12,
9117,1675662,14,
9118,1696256,18,
9119,1677568,16,
9120,1699950,14,
9121,1699368,14,
9122,1691701,18,
9123,1682341,14,
9124,1666994,23,
9128,1700138,14,
9129,1691758,24,
9130,1678427,14,
9132,1699314,14,
9133,1658532,14,
9134,1688575,22,
9140,1683282,14,
9142,1684643,15,
9143,1684645,22,
9144,1668099,14,
9153,1685285,24,
9154,1683523,21,
9155,1675748,16,
9156,1685251,24,
9157,1671768,12,
9159,1656353,14,
9161,1694780,27,
9162,1688571,14,
9164,1683795,22,
9165,1655754,14,
9166,1682709,14,
9167,1671416,14,
9168,1699670,14,
9169,1663337,14,
9170,1690634,14,
9171,1688600,14,
9173,1652883,24,
9174,1681977,15,
9177,1693525,12,
9178,1668787,12,
9182,1697252,12,
9183,1661318,16,
9184,1673716,12,
9188,1676566,14,
9194,1670832,12,
9195,1690004,14,
9199,1684722,17,
9201,1683293,21,
9202,1681687,23,
9204,1676853,14,
9206,1683354,21,
9207,1686754,22,
9208,0,12,
9210,1688621,14,
9214,1688105,15,
9217,1696260,18,
9218,1699579,14,
9219,1682648,14,
9220,1682651,13,
9221,1667163,16,
9223,1691773,24,
9224,1680712,14,
9226,1689784,21,
9227,1695862,14,
9231,1683293,16,
9235,1689783,21,
9236,1681812,12,
9237,1681377,24,
9239,1682648,13,
9241,1699184,14,
9243,1689639,27,
9245,1666761,16,
9246,1699696,14,
9247,1692115,14,
9248,1691969,28,
9250,1689785,13,
9251,1660563,14,
9252,1683361,22,
9253,1689460,23,
9255,1683808,16,
9256,1691768,24,
9257,1673059,16,
9260,1697071,14,
9263,1700362,14,
9265,1699995,14,
9267,1699417,14,
9268,1696254,18,
9269,1664257,14,
9270,1671461,14,
9273,1687642,15,
9274,1668421,14,
9275,1693888,24,
9277,1697085,14,
9279,1695660,12,
9281,1684644,15,
9282,1684569,27,
9285,1664250,14,
9287,1698044,15,
9289,1682835,22,
9290,1699418,14,
9292,1690321,27,
9293,1696654,15,
9294,1699241,14,
9297,1689547,21,
9302,1697086,16,
9305,1695862,20,
9306,1676592,14,
9307,1690100,13,
9309,1677251,27,
9313,1687689,14,
9317,1685287,24,
9318,1698913,14,
9320,1697523,12,
9321,1700309,12,
9322,1692113,21,
9324,1680706,15,
9329,1697143,12,
9330,1676003,12,
9332,1698988,14,
9333,1682869,22,
9336,1662551,14,
9339,1689781,21,
9341,1688571,13,
9342,1696822,16,
9344,1696747,14,
9346,1668786,12,
9347,1684768,13,
9348,1682853,22,
9350,1689641,24,
9354,1683356,21,
9361,1699571,14,
9364,1683773,21,
9365,1683356,16,
9367,1672664,14,
9369,1668554,14,
9371,1695138,14,
9373,1685291,24,
9375,1683426,14,
9376,1699772,15,
9378,1699325,14,
9379,1683294,14,
9381,1689786,14,
9383,1685253,24,
9385,1673103,14,
9386,1696575,27,
9388,1690489,12,
9390,1685265,24,
9392,1689783,14,
9393,1688610,22,
9396,1671997,14,
9397,1684740,15,
9399,1682805,22,
9402,1699694,14,
9403,1680246,23,
9404,1687632,27,
9406,1689162,27,
9407,1682869,13,
9408,1695932,12,
9409,1635497,14,
9410,1675998,12,
9411,1680699,15,
9412,1682799,14,
9415,1687671,12,
9416,1666443,14,
9417,1682760,14,
9419,1617826,23,
9422,1655373,14,
9426,1683409,21,
9432,1693104,14,
9433,1697230,14,
9434,1685012,12,
9435,1683525,13,
9437,1683700,14,
9441,1683783,15,
9442,1699793,14,
9445,1686215,15,
9450,1694564,12,
9451,1683760,21,
9453,1697067,14,
9454,1690619,21,
9455,1683294,17,
9457,1697086,14,
9458,1687734,27,
9459,1689544,22,
9461,1677617,12,
9464,1620552,14,
9465,1691810,24,
9466,1695953,27,
9467,1672347,19,
9468,1660885,14,
9469,1683392,13,
9470,1664067,14,
9473,1688294,21,
9477,1699625,14,
9478,1699564,14,
9479,1684730,15,
9480,1699433,14,
9481,1701317,12,
9482,1650400,23,
9483,1672034,14,
9485,1699333,14,
9486,1687195,12,
9487,0,25,
9491,1693535,12,
9493,1683203,14,
9496,1691774,24,
9497,1664347,16,
9498,1692961,14,
9499,1674114,16,
9500,1687629,27,
9501,1686756,22,
9503,1684271,12,
9504,1700089,24,
9505,1683769,22,
9506,1684728,17,
9507,1685283,24,
9511,1672344,16,
9513,1674378,12,
9514,1681956,16,
9518,1682763,13,
9522,1691701,21,
9524,1688885,12,
9527,1699947,15,
9528,1696954,14,
9529,1696748,14,
9530,1666958,23,
9532,1672712,14,
9536,1685979,28,
9537,1655985,23,
9538,1684866,14,
9539,1699556,14,
9541,1691544,21,
9542,1699952,15,
9543,1684768,22,
9544,1695348,15,
9546,1687631,27,
9549,1699424,14,
9551,1690144,12,
9552,1697072,14,
9554,1677347,27,
9556,1699378,14,
9562,1651298,14,
9563,1675601,16,
9564,1684717,21,
9565,1689460,24,
9566,1699844,14,
9570,1699283,14,
9572,1699615,27,
9578,1696073,14,
9579,1650905,14,
9584,1672670,14,
9585,1654766,14,
9586,1700137,14,
9587,1649007,14,
9588,1693530,12,
9589,1689549,13,
9595,1696638,27,
9596,1651350,14,
9597,1684754,15,
9600,1696820,16,
9601,1685247,24,
9606,1688290,22,
9607,1696774,16,
9608,1688881,12,
9610,1690152,12,
9612,1684709,14,
9614,1700570,14,
9615,1664069,14,
9617,1693625,14,
9618,1690100,14,
9619,1695911,14,
9621,1683527,13,
9622,1671834,14,
9626,1651933,14,
9627,1692113,14,
9629,1680716,15,
9631,1669096,12,
9633,1684862,14,
9634,1685300,24,
9635,1685266,24,
9637,1686756,14,
9638,1699949,14,
9639,1662991,14,
9640,1697522,12,
9642,1685286,24,
9645,1699172,14,
9646,1680684,15,
9648,1699954,14,
9649,1696018,24,
9650,1690006,17,
9653,1689785,21,
9657,1699953,14,
9661,1682868,14,
9666,1699799,14,
9667,1700141,14,
9668,1681880,18,
9669,1696107,28,
9670,1684659,16,
9671,1681775,16,
9672,1697429,12,
9674,1682679,14,
9682,1680682,13,
9684,1684717,17,
9685,1685516,15,
9686,1675615,14,
9687,1696149,14,
9688,1689780,22,
9690,1683415,14,
9691,1675655,14,
9692,1694388,24,
9693,1674118,14,
9695,1688629,21,
9696,1694558,12,
9697,1696214,14,
9698,1687661,14,
9699,1696799,27,
9701,1674086,14,
9702,1696204,24,
9703,1683432,21,
9704,1700569,14,
9706,1682712,22,
9707,1696022,24,
9709,1685249,24,
9710,1672085,14,
9711,1700298,14,
9712,1683200,14,
9713,1698815,26,
9714,1696261,18,
9715,1681890,19,
9716,1684730,22,
9717,1671247,23,
9719,1680674,21,
9721,1699345,14,
9724,1662990,16,
9726,1690614,14,
9728,1683361,21,
9729,1688589,22,
9730,1666507,14,
9731,1690628,14,
9733,1696456,14,
9735,1692952,14,
9736,1696258,19,
9738,1685171,25,
9739,1690092,14,
9741,1674380,24,
9743,1697087,16,
9744,1675746,14,
9745,1699135,14,
9746,1694913,12,
9747,1671082,12,
9750,1681885,19,
9751,1699166,14,
9754,1689549,22,
9758,1679954,12,
9760,1679687,14,
9763,1692277,21,
9764,1680915,14,
9766,1700106,27,
9768,1688078,15,
9771,1697113,16,
9772,1671426,14,
9774,1689031,14,
9775,1700118,14,
9776,1683556,14,
9777,1696210,14,
9778,1684646,22,
9779,1695687,14,
9780,1697083,16,
9781,1684703,14,
9784,1663341,14,
9786,1696200,24,
9788,1681888,19,
9789,1681699,23,
9791,1690013,12,
9798,1685828,12,
9802,1684649,13,
9803,1691775,24,
9804,1636295,14,
9807,1664346,16,
9810,1699771,15,
9811,1696075,14,
9812,1670498,25,
9814,1651302,14,
9817,1672651,14,
9819,1695346,15,
9820,1685302,24,
9821,1699249,14,
9823,1682347,14,
9824,1671942,14,
9833,1672104,14,
9834,1690627,14,
9835,1677317,27,
9838,1697628,12,
9839,1687425,12,
9841,1688288,22,
9842,1689781,13,
9843,1690628,21,
9849,1672228,27,
9850,1686756,15,
9852,1684728,21,
9855,1689551,22,
9858,1685303,24,
9863,1683760,15,
9864,1690487,12,
9867,1682862,14,
9868,1696572,27,
9870,1690617,14,
9871,1697114,16,
9872,1689637,27,
9874,1680738,14,
9875,1682853,14,
9878,1690144,24,
9879,1683197,14,
9880,1691792,24,
9881,1673860,12,
9882,1699520,29,
9886,1664346,14,
9888,0,21,
9889,1681878,19,
9890,1696261,16,
9891,1693230,14,
9892,1657474,14,
9894,1688571,21,
9895,1689498,16,
9899,1687643,15,
9900,1676563,14,
9901,1672006,14,
9902,1664255,14,
9903,1699665,14,
9905,1676564,14,
9909,1684752,13,
9911,1682730,14,
9912,1689644,15,
9913,1695934,12,
9915,1693531,12,
9916,1685332,23,
9918,1694386,24,
9922,1689011,14,
9923,1693065,12,
9924,1682802,22,
9928,1691762,24,
9930,1696300,14,
9931,1697443,14,
9933,1688294,22,
9934,1696756,14,
9939,1693618,14,
9944,1681378,12,
9945,1684724,22,
9948,1683357,16,
9949,1690616,14,
9952,1681885,18,
9953,1683359,21,
9954,1661317,16,
9955,1684771,13,
9957,1689780,14,
9958,1646392,24,
9959,1681883,18,
9961,1686505,12,
9963,1682682,14,
9967,1693747,14,
9968,1685262,24,
9969,1691781,24,
9971,1682862,13,
9972,1684659,13,
9973,0,15,
9974,1687191,21,
9975,1691546,22,
9976,1682709,22,
9977,1689550,22,
9978,1688629,22,
9979,1680684,21,
9980,1700305,12,
9982,1660897,14,
9983,1700558,14,
9985,1641237,14,
9986,1673245,14,
9988,1699773,15,
9989,1651299,14,
9990,1683802,16,
9993,1683387,23,
9996,1684334,15,
10000,1683739,14,
10002,1688292,13,
10003,1668097,14,
10004,1682715,14,
10006,1694555,12,
10007,1683407,14,
10008,1672676,14,
10009,1682814,14,
10011,1677488,27,
10013,1660152,14,
10014,1664426,28,
10015,1660585,13,
10018,1695345,15,
10019,1699584,14,
10022,1701546,12,
10024,1652611,14,
10025,1697115,16,
10026,1692277,16,
10031,1700980,14,
10033,1698654,12,
10034,1683634,14,
10037,1685107,15,
10038,1684332,14,
10045,1652630,14,
10051,1692956,14,
10053,1681883,16,
10054,1680245,23,
10055,1682646,14,
10056,1692949,14,
10060,1671988,14,
10061,1692724,27,
10063,1677271,27,
10064,1688292,14,
8101,1664069,14,Customer_14
8106,1699948,14,Customer_07
8111,1696210,14,Customer_28
8112,1660579,14,Customer_24
8113,1683392,14,Customer_46
8114,1654621,14,Customer_25
8115,1683426,14,Customer_46
8119,1684808,14,Customer_39
8120,1676565,14,Customer_24
8121,1692109,14,Customer_23
8122,1686657,23,Customer_30
8128,1677878,14,Customer_31
8129,1683388,14,Customer_39
8133,1671247,23,Customer_28
8136,1699329,14,Customer_27
8139,1660885,14,Customer_25
8141,1697086,14,Customer_28
8145,1696747,14,Customer_44
8146,1669702,14,Customer_15
8149,1696654,14,Customer_43
8150,1689547,14,Customer_13
8152,1689541,14,Customer_32
8159,1699369,14,Customer_27
8160,1688633,14,Customer_18
8161,1682802,14,Customer_38
8162,1657063,14,Customer_21
8163,1689546,14,Customer_09
8165,1654766,14,Customer_28
8170,1655818,14,Customer_25
8171,1699285,14,Customer_27
8173,1699793,14,Customer_42
8177,0,17,Customer_40
8178,1692113,14,Customer_32
8181,1683999,24,Customer_35
8182,1688629,14,Customer_29
8188,1682802,14,Customer_21
8189,1685211,14,Customer_21
8192,1690634,14,Customer_39
8193,1687491,14,Customer_13
8196,1660897,14,Customer_14
8199,1689551,14,Customer_18
8200,1699792,14,Customer_42
8204,1697084,14,Customer_21
8207,1677889,14,Customer_22
8209,1699515,14,Customer_27
8212,1657475,14,Customer_05
8218,1699418,14,Customer_27
8222,1691532,14,Customer_21
8223,1676566,14,Customer_15
8225,1699948,14,Customer_21
8226,1702652,27,Customer_16
8227,1689147,14,Customer_31
8228,1663347,14,Customer_21
8230,1655818,14,Customer_05
8231,1672713,14,Customer_28
8234,1668550,14,Customer_31
8235,1699283,14,Customer_22
8236,1662274,14,Customer_26
8240,1697874,14,Customer_09
8241,1667817,14,Customer_18
8242,1688290,14,Customer_09
8243,1698924,14,Customer_25
8244,1680915,14,Customer_29
8247,1677878,14,Customer_32
8254,1676851,14,Customer_21
8255,1686758,14,Customer_28
8257,1682751,14,Customer_14
8258,1668608,14,Customer_18
8259,1655982,14,Customer_32
8260,1699315,14,Customer_27
8261,1651377,14,Customer_14
8263,1699950,14,Customer_42
8269,1651302,14,Customer_13
8271,1622685,14,Customer_32
8276,1683199,14,Customer_28
8277,1671942,14,Customer_28
8278,1699841,14,Customer_27
8279,1696752,14,Customer_22
8280,1692998,14,Customer_29
8282,1675810,23,Customer_09
8283,1700366,14,Customer_46
8284,1689788,14,Customer_21
8285,1651302,14,Customer_26
8286,1683635,14,Customer_09
8288,1646393,24,Customer_15
8293,1699954,14,Customer_21
8297,1672006,14,Customer_21
8299,1699952,14,Customer_13
8311,1699950,14,Customer_32
8312,1689785,14,Customer_13
8314,1688575,14,Customer_33
8319,1688633,14,Customer_13
8320,1671426,14,Customer_11
8325,1650400,23,Customer_33
8333,1689601,14,Customer_26
8335,1679638,14,Customer_44
8336,1700143,14,Customer_36
8338,1649002,14,Customer_28
8339,1672661,14,Customer_21
8341,1668639,14,Customer_15
8342,1651298,14,Customer_05
8345,1688294,14,Customer_39
8346,1699576,14,Customer_42
8348,1650586,14,Customer_26
8352,1674853,14,Customer_13
8354,1687346,14,Customer_18
8356,1699553,14,Customer_29
8360,1636782,14,Customer_15
8361,1690617,14,Customer_09
8362,1699690,14,Customer_27
8366,1682651,14,Customer_28
8372,1682865,14,Customer_21
8375,1695817,14,Customer_13
8378,1623991,14,Customer_31
8383,1699836,14,Customer_27
8384,1688288,14,Customer_28
8389,1681700,23,Customer_12
8390,1669740,24,Customer_28
8395,1700140,14,Customer_36
8396,1699283,14,Customer_27
8397,1682802,14,Customer_29
8399,1683203,14,Customer_29
8405,1668555,14,Customer_05
8409,0,22,Customer_48
8411,1671807,14,Customer_22
8412,1696074,14,Customer_44
8414,1692109,14,Customer_28
8415,1682736,14,Customer_28
8416,1689146,14,Customer_44
8419,1700139,14,Customer_21
8420,1679638,14,Customer_28
8421,1672117,14,Customer_33
8422,1672722,14,Customer_32
8424,1699772,14,Customer_44
8428,1676592,14,Customer_36
8429,1650904,14,Customer_15
8430,1696476,23,Customer_12
8432,1699417,14,Customer_42
8433,1643056,14,Customer_31
8434,1671951,14,Customer_21
8437,1669409,14,Customer_21
8440,1700003,14,Customer_22
8443,1699954,14,Customer_32
8446,1693865,14,Customer_26
8449,1689601,14,Customer_18
8453,1677878,14,Customer_13
8456,1688575,14,Customer_39
8460,1687346,14,Customer_14
8463,1699675,14,Customer_27
8465,1622685,14,Customer_22
8471,1696758,14,Customer_15
8477,1617826,23,Customer_21
8478,1697086,14,Customer_21
8479,1650685,14,Customer_26
8481,1699946,14,Customer_15
8482,1699416,14,Customer_27
8484,1644200,14,Customer_22
8486,1615677,14,Customer_13
8488,1685952,23,Customer_33
8492,1699946,14,Customer_28
8496,1699576,14,Customer_27
8497,1699952,14,Customer_14
8498,1662552,14,Customer_13
8499,1697080,14,Customer_13
8500,0,13,Customer_42
8503,1660563,14,Customer_13
8504,1666958,23,Customer_33
8505,1684709,14,Customer_22
8506,1688290,14,Customer_39
8507,1699836,14,Customer_42
8508,1682826,14,Customer_21
8509,1672670,14,Customer_01
8510,1699946,14,Customer_14
8511,1652644,14,Customer_15
8513,1678652,14,Customer_32
8514,1685321,23,Customer_39
8515,1700139,14,Customer_28
8518,1690171,24,Customer_28
8522,1682594,23,Customer_28
8524,1676564,14,Customer_21
8526,1692949,14,Customer_24
8527,1691548,14,Customer_42
8531,1697087,14,Customer_13
8533,1682341,14,Customer_10
8534,1683419,14,Customer_09
8537,1652615,14,Customer_18
8538,1671416,14,Customer_26
8548,1688629,14,Customer_46
8550,1666957,23,Customer_28
8552,1675670,14,Customer_15
8556,1688292,14,Customer_39
8560,1615677,14,Customer_29
8561,1697085,14,Customer_23
8563,1689032,14,Customer_13
8565,1699948,14,Customer_14
8566,1687354,23,Customer_29
8568,1682793,14,Customer_33
8575,1689551,14,Customer_13
8580,1682959,23,Customer_17
8581,1696074,14,Customer_28
8582,1667817,14,Customer_21
8586,1683424,14,Customer_39
8587,1650905,14,Customer_21
8588,1674120,14,Customer_25
8589,1668127,14,Customer_13
8590,1682826,14,Customer_19
8591,1682835,14,Customer_13
8594,1689780,14,Customer_32
8595,1683191,14,Customer_44
8596,1689548,14,Customer_02
8597,1672085,14,Customer_21
8598,1695139,14,Customer_31
8604,1671836,14,Customer_29
8608,1666507,14,Customer_18
8609,1687644,14,Customer_32
8610,1699697,14,Customer_25
8614,1660583,14,Customer_13
8615,1699586,14,Customer_27
8620,1652885,24,Customer_28
8622,1668607,14,Customer_21
8623,1660578,14,Customer_29
8624,1693019,14,Customer_29
8626,1658528,14,Customer_15
8628,1672085,14,Customer_29
8630,1672661,14,Customer_24
8631,1699571,14,Customer_27
8633,1699948,14,Customer_28
8640,1662317,14,Customer_28
8643,1650905,14,Customer_15
8645,1692402,14,Customer_32
8646,1688587,14,Customer_39
8648,1689641,24,Customer_33
8651,1696488,14,Customer_21
8655,1621719,23,Customer_21
8656,1689460,23,Customer_33
8659,1675615,14,Customer_21
8663,1652644,14,Customer_22
8664,1682835,14,Customer_46
8667,1654622,14,Customer_14
8669,1699246,14,Customer_27
8670,1649007,14,Customer_21
8673,1676853,14,Customer_13
8675,1699561,14,Customer_29
8681,1646909,14,Customer_29
8684,1688600,14,Customer_13
8687,1656350,14,Customer_24
8688,1660579,14,Customer_25
8692,1677891,14,Customer_32
8695,1698913,14,Customer_27
8698,1670215,14,Customer_22
8699,1687661,14,Customer_13
8700,1688288,14,Customer_09
8701,1689548,14,Customer_28
8702,1623991,14,Customer_32
8703,0,13,Customer_30
8706,1687644,14,Customer_22
8707,1651299,14,Customer_13
8714,1692277,14,Customer_21
8715,1696757,14,Customer_01
8718,1683203,14,Customer_28
8722,1699951,14,Customer_15
8724,1698988,14,Customer_29
8725,1668607,14,Customer_15
8727,1651302,14,Customer_14
8729,1660897,14,Customer_21
8734,1677229,23,Customer_33
8736,1690628,14,Customer_46
8739,1662552,14,Customer_18
8741,1687644,14,Customer_21
8745,1660563,14,Customer_21
8747,1683432,14,Customer_29
8748,1700105,14,Customer_21
8750,1655982,14,Customer_14
8751,1679638,14,Customer_18
8753,1672676,14,Customer_24
8755,1656246,14,Customer_25
8756,1689551,14,Customer_34
8758,1675655,14,Customer_21
8759,1660885,14,Customer_13
8763,1681377,24,Customer_35
8764,1697083,14,Customer_21
8770,1693618,14,Customer_21
8772,1683403,14,Customer_09
8774,1696073,14,Customer_44
8776,1689547,14,Customer_42
8777,1699557,14,Customer_22
8778,1670215,14,Customer_21
8780,1660885,14,Customer_26
8783,1668557,14,Customer_05
8786,1700362,14,Customer_39
8787,1682805,14,Customer_46
8793,1699769,14,Customer_21
8794,1689545,14,Customer_39
8798,1661099,14,Customer_28
8799,1672722,14,Customer_21
8800,1699540,20,Customer_29
8809,1654621,14,Customer_15
8811,1668608,14,Customer_21
8812,1688589,14,Customer_09
8814,1672034,14,Customer_13
8817,1699946,14,Customer_07
8822,1675654,14,Customer_14
8823,1696757,14,Customer_13
8825,1660673,14,Customer_39
8826,1651299,14,Customer_44
8829,1656969,23,Customer_28
8831,1682763,14,Customer_13
8834,1676565,14,Customer_39
8835,1687644,14,Customer_28
8836,1699974,14,Customer_34
8840,1701405,14,Customer_39
8842,1692994,14,Customer_41
8843,1683405,14,Customer_46
8845,1690001,14,Customer_32
8846,1689547,14,Customer_09
8848,1689782,14,Customer_42
8850,1668094,14,Customer_29
8863,1663347,14,Customer_26
8864,1660673,14,Customer_15
8867,1672706,14,Customer_25
8868,1650905,14,Customer_39
8871,1657064,14,Customer_31
8873,1696074,14,Customer_15
8874,1666295,14,Customer_14
8875,1667927,14,Customer_36
8877,1677889,14,Customer_31
8878,1682832,14,Customer_13
8879,1689548,14,Customer_18
8890,1635536,14,Customer_22
8891,1683197,14,Customer_28
8896,1699419,14,Customer_27
8899,1653969,24,Customer_29
8900,1688589,14,Customer_25
8903,1686758,14,Customer_32
8907,1661119,23,Customer_09
8908,1682805,14,Customer_33
8909,1651126,14,Customer_21
8910,1682757,14,Customer_29
8911,1700128,14,Customer_36
8912,1675655,14,Customer_25
8913,1699976,14,Customer_28
8916,1656246,14,Customer_29
8921,1669702,14,Customer_31
8922,1691532,14,Customer_36
8923,1683700,14,Customer_32
8924,1656839,14,Customer_21
8925,1689547,14,Customer_21
8927,1699184,14,Customer_25
8928,1688285,14,Customer_39
8930,1696482,14,Customer_31
8931,1695345,14,Customer_32
8932,1662317,14,Customer_13
8938,1664061,14,Customer_13
8940,1689543,14,Customer_46
8942,1693626,14,Customer_21
8943,1656246,14,Customer_24
8947,1687661,14,Customer_22
8949,1688633,14,Customer_15
8950,1699135,14,Customer_27
8955,1682790,14,Customer_38
8956,1684862,14,Customer_28
8957,1671247,23,Customer_33
8958,1666396,14,Customer_15
8959,1688633,14,Customer_28
8963,1689550,14,Customer_18
8966,1682769,14,Customer_09
8969,1698930,14,Customer_22
8971,1690004,14,Customer_32
8972,1689546,14,Customer_33
8979,1650586,14,Customer_15
8981,1675654,14,Customer_18
8982,1699525,14,Customer_42
8983,1651299,14,Customer_14
8984,1696073,14,Customer_21
8985,1689546,14,Customer_21
8986,1697067,14,Customer_21
8990,1699567,14,Customer_27
8993,1673710,14,Customer_15
8994,1699700,14,Customer_42
8995,1682760,14,Customer_46
8996,1688824,14,Customer_26
9001,1693626,14,Customer_44
9002,1688589,14,Customer_39
9010,1695348,14,Customer_15
9012,1650880,14,Customer_21
9016,1682853,14,Customer_33
9017,1699951,14,Customer_28
9020,1667817,14,Customer_13
9023,1697072,14,Customer_21
9025,1689781,14,Customer_32
9026,1696756,14,Customer_32
9027,1651302,14,Customer_25
9028,1676566,14,Customer_24
9031,1692656,27,Customer_21
9032,1699417,14,Customer_29
9035,1689551,14,Customer_39
9039,1682748,14,Customer_14
9040,1691544,14,Customer_33
9043,1678494,14,Customer_28
9045,1697072,14,Customer_13
9048,1666959,23,Customer_28
9049,1669685,14,Customer_13
9050,1670215,14,Customer_31
9051,1658528,14,Customer_21
9053,1671461,14,Customer_28
9055,1680966,24,Customer_33
9056,1682682,14,Customer_10
9057,1699564,14,Customer_27
9058,1699418,14,Customer_42
9059,1696075,14,Customer_28
9060,1642993,14,Customer_32
9063,1697081,14,Customer_07
9064,1676942,14,Customer_44
9065,1651126,14,Customer_13
9066,1684560,14,Customer_32
9067,1672091,14,Customer_15
9068,1671939,14,Customer_21
9072,1699949,14,Customer_21
9073,1679638,14,Customer_15
9074,1690632,14,Customer_39
9076,1672706,14,Customer_14
9077,1700366,14,Customer_39
9078,1682908,14,Customer_21
9079,1690294,14,Customer_22
9081,1687346,14,Customer_05
9082,1655982,14,Customer_13
9083,1692402,14,Customer_13
9084,1663347,14,Customer_32
9085,1688587,14,Customer_33
9087,1660579,14,Customer_28
9088,1700035,27,Customer_16
9090,1669409,14,Customer_14
9093,1697306,14,Customer_21
9099,1699308,14,Customer_27
9100,1617826,23,Customer_28
9101,1693453,14,Customer_08
9102,1672664,14,Customer_24
9103,1700142,14,Customer_36
9104,1692113,14,Customer_21
9105,1681687,23,Customer_12
9107,1699799,14,Customer_24
9111,1675615,14,Customer_29
9116,1668555,14,Customer_21
9125,1689298,14,Customer_13
9126,1695348,14,Customer_21
9127,1651299,14,Customer_18
9131,1683203,14,Customer_22
9135,1668547,14,Customer_28
9136,1668545,14,Customer_01
9137,1692333,14,Customer_47
9138,1699670,14,Customer_29
9139,1696758,14,Customer_31
9141,1699691,14,Customer_27
9145,1651302,14,Customer_18
9146,1639636,14,Customer_22
9147,1699333,14,Customer_42
9148,1696074,14,Customer_21
9149,1692946,14,Customer_24
9150,1677889,14,Customer_28
9151,1699772,14,Customer_23
9152,1662551,14,Customer_14
9158,1688571,14,Customer_42
9160,1690627,14,Customer_28
9163,1672676,14,Customer_31
9172,1700142,14,Customer_28
9175,1699327,14,Customer_42
9176,1694720,14,Customer_01
9179,1700558,14,Customer_03
9180,0,13,Customer_39
9181,1657063,14,Customer_15
9185,1677692,14,Customer_32
9186,1660579,14,Customer_21
9187,1680562,14,Customer_29
9189,1689460,23,Customer_28
9190,1691700,19,Customer_05
9191,1672713,14,Customer_21
9192,1688629,14,Customer_18
9193,1672000,14,Customer_28
9196,1657475,14,Customer_31
9197,1678648,14,Customer_18
9198,1688288,14,Customer_46
9200,1651302,14,Customer_15
9203,1699553,14,Customer_24
9205,1662274,14,Customer_15
9209,1685329,23,Customer_30
9211,1660885,14,Customer_15
9212,1680503,24,Customer_33
9213,1699952,14,Customer_28
9215,1657064,14,Customer_13
9216,1675615,14,Customer_32
9222,1677884,14,Customer_15
9225,1687346,14,Customer_26
9228,1668547,14,Customer_29
9229,1697072,14,Customer_28
9230,1658528,14,Customer_29
9232,1699953,14,Customer_21
9233,1683203,14,Customer_32
9234,1682805,14,Customer_29
9238,1650715,23,Customer_39
9240,1689551,14,Customer_46
9242,1672085,14,Customer_13
9244,1678427,14,Customer_28
9249,1699239,14,Customer_27
9254,1699424,14,Customer_18
9258,1696149,14,Customer_21
9259,1688587,14,Customer_46
9261,1699337,27,Customer_16
9262,1690621,14,Customer_42
9264,1699425,14,Customer_25
9266,1682784,14,Customer_24
9271,1699575,14,Customer_27
9272,1655754,14,Customer_32
9276,1700097,14,Customer_32
9278,1656348,14,Customer_24
9280,1654251,14,Customer_21
9283,1675655,14,Customer_18
9284,1689547,14,Customer_18
9286,1682651,14,Customer_09
9288,1688633,14,Customer_29
9291,1689546,14,Customer_34
9295,1635536,14,Customer_32
9296,1672706,14,Customer_13
9298,1669685,14,Customer_32
9299,1682757,14,Customer_13
9300,1690617,14,Customer_39
9301,1683426,14,Customer_09
9303,1688629,14,Customer_13
9304,1689012,14,Customer_26
9308,1613321,14,Customer_14
9310,1655982,14,Customer_28
9311,0,17,Customer_12
9312,1671461,14,Customer_10
9314,1662317,14,Customer_21
9315,1689469,14,Customer_46
9316,1668547,14,Customer_21
9319,1686401,14,Customer_24
9323,0,21,Customer_42
9325,1690628,14,Customer_39
9326,1682805,14,Customer_21
9327,1699556,14,Customer_27
9328,1652604,14,Customer_32
9331,1694720,14,Customer_44
9334,1683424,14,Customer_46
9335,1699682,14,Customer_27
9337,1697444,14,Customer_32
9338,1697071,14,Customer_21
9340,1672720,14,Customer_32
9343,1697874,14,Customer_24
9345,1682805,14,Customer_13
9349,1680740,14,Customer_46
9351,1672706,14,Customer_28
9352,1652615,14,Customer_32
9353,1699797,14,Customer_39
9355,1664067,14,Customer_14
9356,1690617,14,Customer_33
9357,1688575,14,Customer_46
9358,1662552,14,Customer_15
9359,1663337,14,Customer_13
9360,1689549,14,Customer_39
9362,1672721,14,Customer_33
9363,1660673,14,Customer_26
9366,1685214,14,Customer_13
9368,1668545,14,Customer_46
9370,1643057,14,Customer_13
9372,1699417,14,Customer_27
9374,1684755,14,Customer_33
9377,1668362,14,Customer_04
9380,1700569,14,Customer_10
9382,1670203,14,Customer_31
9384,1689544,14,Customer_33
9387,1697085,14,Customer_44
9389,1689546,14,Customer_46
9391,1689548,14,Customer_42
9394,1681878,19,Customer_31
9395,1682805,14,Customer_38
9398,1686764,23,Customer_17
9400,1655818,14,Customer_15
9401,1675662,14,Customer_15
9405,1683387,23,Customer_12
9413,1682829,14,Customer_19
9414,1668545,14,Customer_21
9418,1669701,14,Customer_29
9420,1672707,14,Customer_32
9421,1672344,19,Customer_05
9423,1689548,14,Customer_39
9424,1677884,14,Customer_32
9425,1695348,14,Customer_32
9427,1689544,14,Customer_42
9428,1682745,14,Customer_29
9429,1675655,14,Customer_15
9430,1622685,14,Customer_31
9431,1613321,14,Customer_32
9436,1660578,14,Customer_21
9438,1655373,14,Customer_21
9439,1651299,14,Customer_15
9440,1699697,14,Customer_27
9443,1692948,14,Customer_24
9444,1666954,14,Customer_13
9446,1699952,14,Customer_32
9447,1672707,14,Customer_33
9448,1672986,19,Customer_01
9449,1699665,14,Customer_22
9452,1688285,14,Customer_09
9456,1682835,14,Customer_34
9460,1660897,14,Customer_28
9462,1699553,14,Customer_42
9463,1696747,14,Customer_31
9471,1676853,14,Customer_31
9472,1699574,14,Customer_42
9474,1696654,14,Customer_28
9475,1699540,14,Customer_22
9476,1655818,14,Customer_32
9484,1688598,14,Customer_09
9488,1620510,14,Customer_32
9489,1677229,23,Customer_12
9490,1700097,14,Customer_13
9492,1668492,14,Customer_15
9494,1679687,14,Customer_10
9495,1700657,14,Customer_14
9502,1688633,14,Customer_33
9508,1678674,14,Customer_36
9509,1644050,14,Customer_14
9510,1678493,14,Customer_23
9512,1668608,14,Customer_13
9515,1683203,14,Customer_26
9516,1668554,14,Customer_05
9517,1691700,19,Customer_31
9519,1688294,14,Customer_09
9520,1683199,14,Customer_15
9521,1655818,14,Customer_13
9523,1685952,23,Customer_28
9525,1700121,14,Customer_31
9526,1696756,14,Customer_21
9531,1692997,14,Customer_26
9533,1692115,14,Customer_32
9534,1668344,14,Customer_24
9535,1617714,23,Customer_21
9540,1689461,23,Customer_28
9545,1699173,14,Customer_25
9547,1672088,14,Customer_29
9548,1697084,14,Customer_07
9550,1668612,14,Customer_13
9553,1655818,14,Customer_21
9555,1699584,14,Customer_42
9557,1683392,14,Customer_09
9558,1699768,14,Customer_21
9559,1696758,14,Customer_21
9560,1676853,14,Customer_05
9561,1699948,14,Customer_42
9567,1699953,14,Customer_43
9568,1672345,19,Customer_31
9569,1699953,14,Customer_15
9571,1696754,14,Customer_01
9573,1686657,23,Customer_28
9574,1699552,14,Customer_27
9575,1668347,14,Customer_25
9576,1651299,14,Customer_46
9577,1682754,14,Customer_29
9580,1682853,14,Customer_42
9581,1684796,14,Customer_13
9582,1668547,14,Customer_14
9583,1662238,14,Customer_21
9590,1680249,23,Customer_33
9591,1683409,14,Customer_29
9592,1660585,14,Customer_29
9593,1656246,14,Customer_13
9594,1689547,14,Customer_29
9598,1680961,24,Customer_35
9599,1700382,14,Customer_39
9602,1651302,14,Customer_21
9603,1682594,23,Customer_33
9604,1695346,14,Customer_08
9605,1668606,14,Customer_15
9609,1646909,14,Customer_13
9611,1697872,14,Customer_24
9613,1682709,14,Customer_33
9616,1699583,14,Customer_27
9620,1668547,14,Customer_31
9623,1666957,23,Customer_35
9624,1701405,14,Customer_46
9625,1700382,14,Customer_13
9628,1696074,14,Customer_13
9630,1699674,14,Customer_29
9632,1700141,14,Customer_22
9636,1646393,24,Customer_33
9641,1688575,14,Customer_28
9643,1687644,14,Customer_44
9644,1672661,14,Customer_31
9647,1679995,24,Customer_28
9651,1658532,14,Customer_15
9652,1697085,14,Customer_21
9654,1666470,14,Customer_36
9655,1689544,14,Customer_09
9656,1677887,14,Customer_28
9658,1671248,23,Customer_28
9659,1650905,14,Customer_13
9660,1676942,14,Customer_32
9662,1697087,14,Customer_14
9663,1651298,14,Customer_21
9664,1656350,14,Customer_21
9665,1689541,14,Customer_13
9673,1676566,14,Customer_39
9675,1650904,14,Customer_31
9676,1675615,14,Customer_25
9677,0,21,Customer_12
9678,1693865,14,Customer_24
9679,1657064,14,Customer_32
9680,1651298,14,Customer_39
9681,1677878,14,Customer_15
9683,1672651,14,Customer_24
9689,1662552,14,Customer_14
9694,1656246,14,Customer_28
9700,1621717,23,Customer_28
9705,0,21,Customer_48
9708,1667817,14,Customer_28
9718,1687346,14,Customer_13
9720,1668545,14,Customer_14
9722,0,13,Customer_12
9723,1689469,14,Customer_31
9725,1678000,14,Customer_36
9727,1699345,14,Customer_25
9732,1689012,14,Customer_21
9734,1669409,14,Customer_13
9737,1683633,14,Customer_24
9740,1699548,14,Customer_27
9742,1658528,14,Customer_25
9748,1682805,14,Customer_42
9749,1695348,14,Customer_07
9752,1650685,14,Customer_32
9753,1699951,14,Customer_14
9755,1690630,14,Customer_39
9756,1669584,14,Customer_13
9757,1660885,14,Customer_18
9759,1682799,14,Customer_34
9761,1620510,14,Customer_22
9762,1666958,23,Customer_28
9765,1699552,14,Customer_25
9767,1699368,14,Customer_42
9769,1668547,14,Customer_32
9770,1689550,14,Customer_39
9773,1677891,14,Customer_13
9782,1689543,14,Customer_28
9783,1682772,14,Customer_46
9785,1699694,14,Customer_22
9787,1682648,14,Customer_46
9790,1699794,14,Customer_27
9792,1683704,14,Customer_21
9793,1699557,14,Customer_42
9794,1689469,14,Customer_21
9795,1699799,14,Customer_25
9796,1668545,14,Customer_29
9797,1690171,24,Customer_13
9799,1662991,14,Customer_32
9800,1693104,14,Customer_26
9801,1677889,14,Customer_25
9805,1699574,14,Customer_27
9806,1695138,14,Customer_21
9808,1662274,14,Customer_14
9809,1700738,14,Customer_07
9813,1652644,14,Customer_29
9815,1699771,14,Customer_44
9816,1644062,14,Customer_22
9818,1662552,14,Customer_21
9822,1677884,14,Customer_21
9825,1689553,14,Customer_26
9826,1660673,14,Customer_24
9827,1653969,24,Customer_13
9828,1692108,14,Customer_23
9829,1666954,14,Customer_14
9830,1672347,19,Customer_13
9831,1700118,14,Customer_31
9832,1689145,14,Customer_23
9836,1692106,14,Customer_32
9837,1689457,23,Customer_35
9840,1672714,14,Customer_01
9844,1675655,14,Customer_14
9845,1695862,14,Customer_36
9846,1688575,14,Customer_21
9847,1668608,14,Customer_14
9848,1689147,14,Customer_32
9851,1693230,14,Customer_14
9853,1689145,14,Customer_15
9854,1688629,14,Customer_09
9856,1702224,23,Customer_12
9857,1689784,14,Customer_21
9859,1682983,14,Customer_13
9860,1680210,14,Customer_14
9861,1689548,14,Customer_09
9862,1682772,14,Customer_09
9865,1690627,14,Customer_46
9866,1689147,14,Customer_21
9869,1692106,14,Customer_21
9873,1690092,14,Customer_32
9876,1675615,14,Customer_18
9877,1689788,14,Customer_28
9883,1696758,14,Customer_01
9884,1675615,14,Customer_13
9885,1676853,14,Customer_44
9887,1699312,14,Customer_42
9893,1684709,14,Customer_24
9896,1676853,14,Customer_14
9897,1666958,23,Customer_30
9898,1682832,14,Customer_38
9904,1695345,14,Customer_15
9906,1692984,14,Customer_24
9907,1672721,14,Customer_32
9908,1699670,20,Customer_29
9910,1666992,23,Customer_28
9914,1689147,14,Customer_44
9917,1660580,14,Customer_29
9919,1677878,14,Customer_14
9920,1685213,14,Customer_28
9921,1696954,14,Customer_26
9925,1695348,14,Customer_28
9926,1668608,14,Customer_32
9927,1701406,14,Customer_18
9929,1664346,14,Customer_14
9932,1699265,14,Customer_42
9935,1684559,14,Customer_22
9936,1660551,14,Customer_18
9937,1696074,14,Customer_08
9938,1682829,14,Customer_21
9940,1682730,14,Customer_46
9941,1696075,14,Customer_15
9942,1692899,14,Customer_21
9943,1680210,14,Customer_31
9946,1699993,14,Customer_28
9947,1693747,14,Customer_21
9950,1682739,14,Customer_21
9951,1652499,14,Customer_14
9956,1696799,27,Customer_16
9960,1688633,14,Customer_09
9962,1689145,14,Customer_18
9964,1682826,14,Customer_24
9965,1694720,14,Customer_05
9966,1668547,14,Customer_13
9970,1660563,14,Customer_18
9981,1689545,14,Customer_46
9984,1677878,14,Customer_05
9987,1699325,14,Customer_27
9991,1695346,14,Customer_07
9992,1683293,14,Customer_23
9994,1683203,14,Customer_25
9995,1688610,14,Customer_39
9997,1683401,14,Customer_46
9998,1682784,14,Customer_29
9999,1650404,23,Customer_28
10001,1685211,14,Customer_32
10005,1688610,14,Customer_09
10010,1688587,14,Customer_09
10012,1697086,14,Customer_23
10016,1697085,14,Customer_32
10017,1697086,14,Customer_13
10020,1688587,14,Customer_42
10021,1687644,14,Customer_18
10023,1651298,14,Customer_13
10027,1696263,19,Customer_31
10028,1652538,14,Customer_25
10029,1697071,14,Customer_08
10030,1698977,14,Customer_29
10032,1682784,14,Customer_01
10035,1644050,14,Customer_26
10036,1649008,14,Customer_13
10039,1689546,14,Customer_28
10040,1699952,14,Customer_42
10041,1680738,14,Customer_46
10042,1660551,14,Customer_21
10043,1693700,14,Customer_47
10044,1672110,14,Customer_15
10046,1677229,23,Customer_30
10047,1676565,14,Customer_31
10048,1683634,14,Customer_24
10049,1689457,23,Customer_28
10050,1683200,14,Customer_15
10052,1692114,14,Customer_32
10057,1681688,23,Customer_12
10058,1675615,14,Customer_15
10059,1662317,14,Customer_15
10062,1689546,14,Customer_29
10065,1669702,14,Customer_32
10066,1683531,16,
10067,1664419,28,
