PLANTCODE_CONSTRAINT_ID,PLANTPRODCUST_ID,PORT_LOCATION_ID
53139,60194,
53140,61600,
53141,59966,
53142,62280,
53143,61803,
53144,62822,
53145,60321,
53146,61277,
53147,62411,
53148,62423,
53149,59519,
53150,62805,
53151,62777,
53152,61509,
53101,60817,
53102,60730,
53103,59695,
53104,62089,
53105,60983,
53106,62308,
53107,60134,
53108,62988,
53109,60514,
53110,62587,
53111,61752,
53112,59844,
53113,60676,
53114,60661,
53115,62111,
53116,60870,
53117,59691,
53118,61776,
53119,63073,
53120,60817,
53121,60730,
53122,59695,
53123,62089,
53124,60983,
53125,62308,
53126,60134,
53127,62988,
53128,60514,
53129,62587,
53130,61752,
53131,59844,
53132,60676,
53133,60661,
53134,62111,
53135,60870,
53136,59691,
53137,61776,
53138,63073,
53153,62813,
53154,63167,
53155,63114,
53156,59812,
53157,60610,
53158,61059,
53159,61207,
53160,60765,
53161,59639,
53162,59777,
53163,61649,
53164,59852,
53165,60119,
53166,59229,
53167,60718,
53168,62636,
53169,62348,
53170,61002,
53171,61500,
53172,62769,
53173,59725,
53174,60719,
53175,61523,
53176,60797,
53177,59505,
53178,61888,
53179,59334,
53180,59699,
53181,62020,
53182,61024,
53183,59686,
53184,62170,
53185,62982,
53186,59573,
53187,60795,
53188,59559,
53189,61937,
53190,60011,
53191,62076,
53192,60967,
53193,61956,
53194,60771,
53195,61873,
53196,63054,
53197,62283,
53198,61628,
53199,61290,
53200,61431,
53201,60808,
53202,62824,
53203,59409,
53204,60578,
53205,61510,
53206,61796,
53207,62142,
53208,62907,
53209,62597,
53210,61595,
53211,62036,
53212,62345,
53213,61310,
53214,60203,
53215,60141,
53216,61906,
53217,62321,
53218,61372,
53219,60258,
53220,61749,
53221,59758,
53222,61421,
53223,61365,
53224,59626,
53225,60272,
53226,62611,
53227,60259,
53228,60421,
53229,60930,
53230,61820,
53231,62357,
53232,61869,
53233,62599,
53234,61860,
53235,62663,
53236,60741,
53237,61757,
53238,62255,
53239,62219,
53240,60198,
53241,62062,
53242,61658,
53243,59438,
53244,62771,
53245,60705,
53246,63153,
53247,59273,
53248,59236,
53249,60435,
53250,61248,
53251,61302,
53252,62614,
53253,59979,
53254,60951,
53255,61572,
53256,62331,
53257,61919,
53258,61413,
53259,62465,
53260,63048,
53261,59347,
53262,61366,
53263,61717,
53264,60918,
53265,61477,
53266,61396,
53267,60703,
53268,63166,
53269,63090,
53270,62355,
53271,62770,
53272,61473,
53273,59876,
53274,60627,
53275,60333,
53276,61862,
53277,60580,
53278,62995,
53279,60252,
53280,61716,
53281,61451,
53282,61986,
53283,59329,
53284,60573,
53285,61488,
53286,59233,
53287,59617,
53288,61333,
53289,63126,
53290,59375,
53291,60310,
53292,60386,
53293,61364,
53294,60222,
53295,62990,
53296,60619,
53297,62026,
53298,62707,
53299,62700,
53300,62442,
53301,60850,
53302,59905,
53303,61474,
53304,62880,
53305,60492,
53306,60528,
53307,62402,
53308,62843,
53309,61810,
53310,62871,
53311,62971,
53312,63125,
53313,62171,
53314,61750,
53315,59700,
53316,63115,
53317,62119,
53318,61835,
53319,62782,
53320,61647,
53321,60781,
53322,59808,
53323,59274,
53324,62339,
53325,62320,
53326,60230,
53327,61352,
53328,61526,
53329,62041,
53330,60700,
53331,59216,
53332,62618,
53333,59219,
53334,59379,
53335,61583,
53336,61953,
53337,62209,
53338,59859,
53339,60682,
53340,61491,
53341,61642,
53342,61391,
53343,60269,
53344,60934,
53345,59705,
53346,61067,
53347,61368,
53348,63071,
53349,62507,
53350,60367,
53351,62569,
53352,61564,
53353,61471,
53354,61274,
53355,59692,
53356,61065,
53401,59507,
53402,59276,
53403,60864,
53404,61459,
53405,59528,
53406,62535,
53407,62721,
53408,61725,
53409,62065,
53410,60845,
53411,61074,
53412,61889,
53413,59990,
53414,60900,
53415,61092,
53416,60722,
53417,59644,
53418,62902,
53419,63072,
53420,59536,
53421,60798,
53422,59690,
53423,61826,
53424,61924,
53425,60669,
53426,61547,
53427,60347,
53428,63009,
53429,60600,
53430,62447,
53431,63055,
53432,59309,
53433,61636,
53434,59950,
53435,59539,
53436,61455,
53437,60176,
53438,59746,
53439,63102,
53440,61744,
53441,62441,
53442,59938,
53443,59336,
53444,61097,
53445,60260,
53446,59638,
53447,61493,
53448,61693,
53449,59795,
53450,60337,
53451,59296,
53452,59635,
53453,59810,
53454,60539,
53455,62689,
53456,61525,
53457,61672,
53458,62162,
53459,62942,
53460,61754,
53461,59279,
53462,61669,
53463,62350,
53464,62407,
53465,60837,
53466,59682,
53467,59381,
53468,59937,
53469,61276,
53470,61464,
53471,61789,
53472,61440,
53473,59350,
53474,59828,
53475,60268,
53476,61959,
53477,62136,
53478,62446,
53479,62278,
53480,61907,
53481,62731,
53482,59545,
53483,60469,
53484,59736,
53485,62215,
53486,60935,
53487,62294,
53488,62847,
53489,62257,
53490,60766,
53491,61852,
53492,59854,
53493,59793,
53494,60010,
53495,61362,
53496,61337,
53497,62284,
53498,61617,
53499,62981,
53500,62613,
53501,62001,
53502,59511,
53503,60626,
53504,60110,
53505,62510,
53506,62430,
53507,61662,
53508,61849,
53509,61545,
53510,60557,
53511,62561,
53512,61982,
53513,61507,
53514,60308,
53515,60658,
53516,60441,
53517,61794,
53518,62121,
53519,60399,
53520,59944,
53521,60595,
53522,60304,
53523,61235,
53524,62858,
53525,61958,
53526,61294,
53527,60372,
53528,61402,
53529,60440,
53530,63044,
53531,60822,
53532,62336,
53533,61930,
53534,62130,
53535,59640,
53536,62603,
53537,60811,
53538,59819,
53539,62103,
53540,59696,
53541,61997,
53542,62534,
53543,61542,
53544,62898,
53545,59932,
53546,60552,
53547,59752,
53548,60423,
53549,62070,
53550,60604,
53551,59843,
53552,60715,
53553,63061,
53554,59267,
53555,60001,
53556,62586,
53557,61311,
53558,60634,
53559,61616,
53560,59698,
53561,59804,
53562,59255,
53563,59685,
53564,60475,
53565,61753,
53566,62939,
53567,60214,
53568,59708,
53569,61408,
53570,62515,
53571,60161,
53572,60917,
53573,60231,
53574,59764,
53575,60754,
53576,59826,
53577,60972,
53578,62708,
53579,62624,
53580,61630,
53581,60485,
53582,60753,
53583,62104,
53584,62891,
53585,61465,
53586,62651,
53587,62710,
53588,59849,
53589,60438,
53590,59369,
53591,60629,
53592,59387,
53593,59420,
53594,60953,
53595,60720,
53596,59969,
53597,62964,
53598,60813,
53599,62488,
53600,61574,
53601,62144,
53602,59368,
53603,61084,
53604,61350,
53605,61706,
53606,61884,
53607,60401,
53608,59667,
53609,60683,
53610,59206,
53611,60520,
53612,61258,
53613,59326,
53614,60986,
53615,59887,
53616,60503,
53617,60805,
53618,61124,
53619,63023,
53620,62277,
53621,60602,
53622,60458,
53623,62688,
53624,63015,
53625,60448,
53626,62591,
53627,59582,
53628,59873,
53629,63106,
53630,59542,
53631,61032,
53632,62796,
53633,60562,
53634,61594,
53635,61409,
53636,59277,
53637,62550,
53638,61479,
53639,61902,
53640,59967,
53641,60166,
53642,59856,
53643,62180,
53644,62191,
53645,61871,
53646,61846,
53647,62846,
53648,59264,
53649,62105,
53650,61719,
53651,62379,
53652,60985,
53653,60553,
53654,62508,
53655,63013,
53656,60004,
53657,61868,
53658,61557,
53659,59838,
53660,60945,
53661,62429,
53662,60961,
53663,59675,
53664,62282,
53665,60564,
53666,62772,
53667,60752,
53668,61679,
53669,62740,
53670,62420,
53671,62006,
53672,60685,
53673,62938,
53674,60584,
53675,63133,
53676,59943,
53677,59762,
53678,61028,
53679,60406,
53680,59321,
53681,61272,
53682,63080,
53683,59829,
53684,61255,
53685,59835,
53686,62421,
53687,62581,
53688,59217,
53689,59982,
53690,60605,
53691,63122,
53692,60947,
53693,62555,
53694,61895,
53695,60886,
53696,59805,
53697,59915,
53698,60229,
53699,61587,
53700,62196,
53701,61918,
53702,61646,
53703,60991,
53704,62784,
53705,62299,
53706,59205,
53707,61867,
53708,62606,
53709,61234,
53710,60816,
53711,61424,
53712,59450,
53713,61833,
53714,62097,
53715,60270,
53716,62750,
53717,61501,
53718,59899,
53719,60378,
53720,59220,
53721,62819,
53722,63079,
53723,61251,
53724,61073,
53725,61492,
53726,61210,
53727,59589,
53728,59574,
53729,61517,
53730,61319,
53731,60592,
53732,59790,
53733,61508,
53734,60660,
53735,60984,
53736,61389,
53737,60480,
53738,61701,
53739,62301,
53740,59786,
53741,62306,
53742,62454,
53743,59807,
53744,63053,
53745,62828,
53746,60405,
53747,60165,
53748,60653,
53749,59509,
53750,62526,
53751,61621,
53752,59513,
53753,60964,
53754,62803,
53755,62254,
53756,59401,
53757,60877,
53758,59534,
53759,59989,
53760,61782,
53761,62551,
53762,60348,
53763,62464,
53764,61585,
53765,60411,
53766,61702,
53767,59629,
53768,61678,
53769,61269,
53770,61487,
53771,60768,
53772,59768,
53773,61321,
53774,59327,
53775,62664,
53776,61774,
53777,60820,
53778,59821,
53779,62952,
53780,60623,
53781,61403,
53782,61828,
53783,61518,
53784,59977,
53785,59984,
53786,62152,
53787,59535,
53788,59323,
53789,63074,
53790,61619,
53791,60455,
53792,61562,
53793,60794,
53794,62573,
53795,62994,
53796,60403,
53797,59971,
53798,61320,
53799,59587,
53800,60981,
53801,62795,
53802,62213,
53803,61844,
53804,60529,
53805,59414,
53806,59351,
53807,60583,
53808,60319,
53809,61760,
53810,62397,
53811,60477,
53812,59955,
53813,59608,
53814,59870,
53815,59383,
53816,62439,
53817,61718,
53818,62335,
53819,62326,
53820,62753,
53821,61786,
53822,59397,
53823,60606,
53824,62554,
53825,60996,
53826,61231,
53827,62943,
53828,60704,
53829,60149,
53830,62641,
53831,60005,
53832,61467,
53833,60611,
53834,62622,
53835,60614,
53836,62422,
53837,62863,
53838,60585,
53839,60193,
53840,60449,
53841,59345,
53842,61989,
53843,60551,
53844,60466,
53845,61954,
53846,61204,
53847,62768,
53848,63059,
53849,59306,
53850,63052,
53851,59962,
53852,60102,
53853,60104,
53854,61692,
53855,60356,
53856,61972,
53857,60773,
53858,59416,
53859,62222,
53860,62368,
53861,59446,
53862,62218,
53863,61988,
53864,60290,
53865,62317,
53866,62814,
53867,60494,
53868,59957,
53869,60958,
53870,62912,
53871,62838,
53872,59756,
53873,61821,
53874,62018,
53875,61998,
53876,61286,
53877,60464,
53878,61901,
53879,62035,
53880,61480,
53881,62949,
53882,60548,
53883,59975,
53884,61857,
53885,62409,
53886,60385,
53887,63163,
53888,62935,
53889,60112,
53890,62137,
53891,60993,
53892,62654,
53893,59993,
53894,61458,
53895,60251,
53896,60195,
53897,63111,
53898,61400,
53899,60565,
53900,60147,
53901,60182,
53902,59303,
53903,60243,
53904,62382,
53905,60825,
53906,61641,
53907,61429,
53908,62129,
53909,61463,
53910,61110,
53911,61965,
53912,60373,
54001,61570,
54002,62600,
54003,62646,
54004,62504,
54005,59875,
54006,62558,
54007,59958,
54008,61415,
54009,60320,
54010,59866,
54011,59751,
54012,61373,
54013,61805,
54014,62506,
54015,60971,
54016,62972,
54017,62343,
54018,60498,
54019,59723,
54020,62392,
54021,60120,
54022,61314,
54023,61295,
54024,59572,
54025,61960,
54026,62044,
54027,63161,
54028,60244,
54029,62175,
54030,59848,
54031,61242,
54032,61227,
54033,62067,
54034,62261,
54035,60618,
54036,61225,
54037,62068,
54038,62566,
54039,62051,
54040,59642,
54041,59553,
54042,62968,
54043,61879,
54044,60368,
54045,62486,
54046,62695,
54047,59716,
54048,61043,
54049,62799,
54050,59251,
54051,60601,
54052,60300,
54053,61635,
54054,61316,
54055,59298,
54056,59320,
54057,60325,
54058,60171,
54059,61639,
54060,60778,
54061,62672,
54062,61576,
54063,60122,
54064,60263,
54065,60117,
54066,59421,
54067,62866,
54068,59721,
54069,59655,
54070,60511,
54071,59561,
54072,61783,
54073,60760,
54074,59208,
54075,62519,
54076,59203,
54077,59694,
54078,61042,
54079,62582,
54080,61655,
54081,61780,
54082,62637,
54083,61470,
54084,59398,
54085,61398,
54086,61575,
54087,60174,
54088,62630,
54089,60246,
54090,61897,
54091,61812,
54092,60488,
54093,62224,
54094,59512,
54095,62817,
54096,61437,
54097,62197,
54098,60852,
54099,61772,
54100,61324,
54101,63154,
54102,62503,
54103,59609,
54104,62302,
54105,60912,
54106,62889,
54107,61345,
54108,59551,
54109,61843,
54110,62005,
54111,62075,
54112,63093,
54113,61401,
54114,61685,
54115,61951,
54116,63016,
54117,61434,
54118,61034,
54119,61896,
54120,61447,
54121,59882,
54122,59802,
54123,60966,
54124,62115,
54125,61676,
54126,62353,
54127,61387,
54128,59272,
54129,61970,
54130,60003,
54131,60130,
54132,61226,
54133,60236,
54134,63076,
54135,62806,
54136,61840,
54137,60324,
54138,59633,
54139,61531,
54140,59564,
54141,60398,
54142,60257,
54143,59714,
54144,62014,
54145,61561,
54146,60792,
54147,63024,
54148,62499,
54149,59650,
54150,62389,
54151,62448,
54152,60210,
54153,62433,
54154,61370,
54155,60575,
54156,62352,
54157,61659,
54158,62064,
54159,60915,
54160,60357,
54161,61992,
54162,62133,
54163,60114,
54164,59342,
54165,62073,
54166,59645,
54167,62605,
54168,62264,
54169,61305,
54170,62243,
54171,62878,
54172,61426,
54173,61905,
54174,63045,
54175,61266,
54176,61758,
54177,62816,
54178,59328,
54179,59202,
54180,60639,
54181,59782,
54182,62643,
54183,62091,
54184,61216,
54185,62118,
54186,61079,
54187,62307,
54188,62601,
54189,61933,
54190,60433,
54191,59364,
54192,62941,
54193,62706,
54194,61612,
54195,63033,
54196,59594,
54197,62234,
54198,60282,
54199,62829,
54200,62493,
54201,61064,
54202,63078,
54203,60990,
54204,60329,
54205,62559,
54206,62212,
54207,60875,
54208,62122,
54209,59437,
54210,62854,
54211,63077,
54212,62955,
54213,62788,
54214,60878,
54215,60173,
54216,60550,
54217,60896,
54218,60791,
54219,59235,
54220,60409,
54221,60482,
54222,59204,
54223,59874,
54224,60545,
54225,60508,
54226,63075,
54227,59245,
54228,61287,
54229,61916,
54230,62192,
54231,62405,
54232,61020,
54233,61257,
54234,60305,
54235,60977,
54236,61664,
54237,61712,
54238,62564,
54239,61444,
54240,60452,
54241,61580,
54242,59747,
54243,62509,
54244,61253,
54245,61443,
54246,62904,
54247,61816,
54248,59244,
54249,63085,
54250,61203,
54251,60220,
54252,59863,
54253,59927,
54254,60916,
54255,60376,
54256,59532,
54257,59502,
54258,62107,
54259,60726,
54260,62687,
54261,59404,
54262,61727,
54263,59681,
54264,61632,
54265,61502,
54266,59908,
54267,59611,
54268,62679,
54269,60775,
54270,62662,
54271,63089,
54272,62914,
54273,62696,
54274,59453,
54275,60943,
54276,62726,
54277,61096,
54278,62074,
54279,62002,
54280,59728,
54281,63124,
54282,60152,
54283,63145,
54284,61111,
54285,61224,
54286,59867,
54287,61494,
54288,60940,
54289,60377,
54290,61030,
54291,60412,
54292,61980,
54293,61416,
54294,62685,
54295,62522,
54296,61861,
54297,62265,
54298,60593,
54299,60426,
54300,60783,
54301,61629,
54302,59253,
54303,59284,
54304,62259,
54305,61966,
54306,61090,
54307,61809,
54308,61559,
54309,62992,
54310,61903,
54311,62100,
54312,62233,
54313,63113,
54314,62017,
54315,61558,
54316,59434,
54317,62351,
54318,60534,
54319,61033,
54320,59664,
54321,62087,
54322,62210,
54323,60804,
54324,61237,
54325,59396,
54326,61875,
54327,62568,
54328,63082,
54329,59363,
54330,59332,
54331,59349,
54332,59371,
54333,60732,
54334,59741,
54335,62436,
54336,61620,
54337,59879,
54338,62739,
54339,62269,
54340,62884,
54341,59619,
54342,61417,
54343,60579,
54344,61308,
54345,62570,
54346,62715,
54347,59816,
54348,60342,
54349,59367,
54350,62385,
54351,60218,
54352,60617,
54353,63002,
54354,62369,
54355,60969,
54356,61485,
54357,62986,
54358,60245,
54359,61240,
54360,59325,
54361,59578,
54362,62516,
54363,60181,
54364,61407,
54365,62830,
54366,60361,
54367,61813,
54368,59755,
54369,62039,
54370,61469,
54371,59743,
54372,59504,
54373,60233,
54374,63103,
54375,62244,
54376,61349,
54377,60162,
54378,59601,
54379,60903,
54380,60209,
54381,59670,
54382,59600,
54383,59285,
54384,60927,
54385,62374,
54386,61112,
54387,60849,
54388,61392,
54389,61338,
54390,61450,
54391,62469,
54392,61921,
54393,60537,
54394,61817,
54395,62099,
54396,59317,
54397,59614,
54398,60586,
54399,60976,
54400,59366,
54401,60948,
54402,59783,
54403,59586,
54404,59744,
54405,61927,
54406,60288,
54407,62267,
54408,62872,
54409,62370,
54410,61218,
54411,60924,
54412,59775,
54413,61567,
54414,62722,
54415,60501,
54416,59898,
54417,61735,
54418,62924,
54419,60556,
54420,61106,
54421,59749,
54422,60554,
54423,63160,
54424,62496,
54425,60451,
54426,60286,
54427,63001,
54428,61427,
54429,62583,
54430,61865,
54431,60574,
54432,62810,
54433,61102,
54434,61811,
54435,62933,
54436,61910,
54437,60576,
54438,62917,
54439,61885,
54440,62467,
54441,62684,
54442,63108,
54443,61285,
54444,60499,
54445,59895,
54446,61513,
54447,62632,
54448,59865,
54449,61644,
54450,61422,
54451,61707,
54452,60496,
54453,62485,
54454,63086,
54455,61072,
54456,61089,
54457,60116,
54458,61348,
54459,62801,
54460,62793,
54461,59259,
54462,61768,
54463,61539,
54464,62786,
54465,60157,
54466,62791,
54467,62217,
54468,61217,
54469,62844,
54470,63000,
54471,63005,
54472,59429,
54473,62288,
54474,62406,
54475,60375,
54476,60294,
54477,62304,
54478,59968,
54479,61013,
54480,60799,
54481,60354,
54482,59215,
54483,61700,
54484,61114,
54485,60523,
54486,61247,
54487,61009,
54488,62230,
54489,60241,
54490,61670,
54491,61790,
54492,61920,
54493,61202,
54494,61819,
54495,61339,
54496,60335,
54497,59243,
54498,62860,
54499,60713,
54500,60570,
54501,62054,
54502,62324,
54503,59735,
54504,61832,
54505,62186,
54506,62974,
54507,59221,
54508,60642,
54509,61301,
54510,62864,
54511,60495,
54512,60712,
54513,61381,
54514,62223,
54515,62923,
54516,63155,
54517,62319,
54518,59223,
54519,62774,
54520,60687,
54521,63063,
54522,62266,
54523,60637,
54524,63104,
54525,62146,
54526,63011,
54527,60160,
54528,60830,
54529,61684,
54530,61346,
54531,62169,
54532,59622,
54533,60129,
54534,60856,
54535,62517,
54536,60616,
54537,61279,
54538,60407,
54539,59346,
54540,60857,
54541,60731,
54542,61230,
54543,60327,
54544,62052,
54545,61374,
54546,62512,
54547,61083,
54548,59292,
54549,61777,
54550,63109,
54551,61298,
54552,60349,
54553,60298,
54554,60855,
54555,60815,
54556,60202,
54557,62975,
54558,61729,
54559,62967,
54560,60395,
54561,62761,
54562,59395,
54563,59506,
54564,59759,
54565,59521,
54566,59529,
54567,62046,
54568,62053,
54569,62979,
54570,59246,
54571,62812,
54572,62593,
54573,62240,
54574,59355,
54575,62479,
54576,61055,
54577,59754,
54578,60796,
54579,61984,
54580,59418,
54581,60533,
54582,61506,
54583,59403,
54584,59831,
54585,63107,
54586,61297,
54587,62790,
54588,60558,
54589,59924,
54590,60836,
54591,62475,
54592,61007,
54593,61674,
54594,62876,
54595,61367,
54596,59558,
54597,61554,
54598,63134,
54599,60770,
54600,61095,
54601,62537,
54602,61739,
54603,63100,
54604,60841,
54605,60142,
54606,60821,
54607,60207,
54608,63138,
54609,59734,
54610,61732,
54611,60109,
54612,61699,
54613,60345,
54614,62881,
54615,62712,
54616,61550,
54617,61947,
54618,60518,
54619,59302,
54620,62733,
54621,61313,
54622,61995,
54623,62638,
54624,60137,
54625,60340,
54626,61390,
54627,61987,
54628,61791,
54629,61866,
54630,61410,
54631,61711,
54632,61254,
54633,60394,
54634,59986,
54635,60709,
54636,62737,
54637,59949,
54638,60995,
54639,60540,
54640,59290,
54641,59256,
54642,60727,
54643,60330,
54644,60527,
54645,62798,
54646,62413,
54647,60887,
54648,59400,
54649,61264,
54650,61080,
54651,63164,
54652,59858,
54653,62262,
54654,59707,
54655,61823,
54656,60232,
54657,61306,
54658,62271,
54659,61476,
54660,60696,
54661,62310,
54662,60949,
54663,62147,
54664,60481,
54665,59297,
54666,63022,
54667,60303,
54668,62874,
54669,60561,
54670,61673,
54671,59893,
54672,59659,
54673,60291,
54674,59392,
54675,61538,
54676,60923,
54677,60531,
54678,59423,
54679,59888,
54680,59945,
54681,60657,
54682,62214,
54683,61208,
54684,61109,
54685,61082,
54686,61022,
54687,61552,
54688,61244,
54689,61643,
54690,61908,
54691,59960,
54692,61068,
54693,63057,
54694,61983,
54695,59861,
54696,62492,
54697,59584,
54698,60688,
54699,62481,
54700,60641,
54701,61209,
54702,62295,
54703,62198,
54704,62839,
54705,62718,
54706,61589,
54707,60414,
54708,62826,
54709,63049,
54710,62970,
54711,61482,
54712,60847,
54713,62934,
54714,62831,
54715,59661,
54716,60312,
54717,61842,
54718,59847,
54719,62270,
54720,60506,
54721,59833,
54722,59796,
54723,60607,
54724,60764,
54725,61734,
54726,61976,
54727,61046,
54728,61590,
54729,61703,
54730,60390,
54731,62727,
54732,60459,
54733,62347,
54734,60183,
54735,61118,
54736,61076,
54737,59411,
54738,62048,
54739,60250,
54740,60992,
54741,61468,
54742,59399,
54743,63156,
54744,62154,
54745,62835,
54746,60569,
54747,63151,
54748,62598,
54749,60381,
54750,60240,
54751,61315,
54752,59961,
54753,59357,
54754,59634,
54755,62134,
54756,60589,
54757,60460,
54758,61010,
54759,62532,
54760,59288,
54761,59516,
54762,61741,
54763,62106,
54764,62991,
54765,60138,
54766,60393,
54767,63039,
54768,62717,
54769,59711,
54770,59710,
54771,61671,
54772,63067,
54773,61566,
54774,62078,
54775,61504,
54776,62109,
54777,62471,
54778,61551,
54779,62045,
54780,60436,
54781,61677,
54782,61904,
54783,62879,
54784,60809,
54785,62327,
54786,62719,
54787,62678,
54788,62113,
54789,62911,
54790,62787,
54791,62877,
54792,61375,
54793,62797,
54794,60289,
54795,60650,
54796,59445,
54797,61555,
54798,60622,
54799,63030,
54800,62833,
54801,61075,
54802,61837,
54803,59260,
54804,61738,
54805,62444,
54806,62629,
54807,60307,
54808,60008,
54809,61593,
54810,63034,
54811,61961,
54812,61275,
54813,62628,
54814,62553,
54815,62360,
54816,62652,
54817,61038,
54818,61527,
54819,62194,
54820,60774,
54821,60416,
54822,62377,
54823,62557,
54824,61804,
54825,62533,
54826,60843,
54827,63031,
54828,61657,
54829,60515,
54830,59917,
54831,61601,
54832,59563,
54833,59353,
54834,60489,
54835,59693,
54836,59701,
54837,60599,
54838,62418,
54839,61498,
54840,61081,
54841,61913,
54842,62432,
54843,59615,
54844,61423,
54845,62845,
54846,62851,
54847,62745,
54848,61949,
54849,62341,
54850,60155,
54851,60535,
54852,61830,
54853,60322,
54854,61395,
54855,62394,
54856,60829,
54857,61329,
54858,61048,
54859,62921,
54860,59377,
54861,60184,
54862,62670,
54863,59637,
54864,61955,
54865,60968,
54866,61105,
54867,61503,
54868,61457,
54869,61041,
54870,62232,
54871,61356,
54872,59799,
54873,62478,
54874,60582,
54875,59569,
54876,59726,
54877,62585,
54878,62821,
54879,60694,
54880,60012,
54881,62221,
54882,60199,
54883,60284,
54884,60973,
54885,62656,
54886,60890,
54887,60397,
54888,62367,
54889,62390,
54890,60418,
54891,60267,
54892,62649,
54893,60306,
54894,62580,
54895,62208,
54896,59683,
54897,60867,
54898,60366,
54899,60588,
54900,62124,
54901,61705,
54902,61962,
54903,61317,
54904,61351,
54905,60302,
54906,59864,
54907,59585,
54908,62639,
54909,61602,
54910,62061,
54911,62060,
54912,62578,
54913,59454,
54914,61256,
54915,62461,
54916,61928,
54917,62195,
54918,61640,
54919,61430,
54920,62318,
54921,61993,
54922,63119,
54923,62161,
54924,60956,
54925,60844,
54926,62577,
54927,63003,
54928,60733,
54929,62268,
54930,60861,
54931,59959,
54932,61291,
54933,61268,
54934,59316,
54935,59263,
54936,62033,
54937,62502,
54938,62346,
54939,60879,
54940,60402,
54941,60371,
54942,59410,
54943,61087,
54944,60105,
54945,61573,
54946,61778,
54947,61243,
54948,62542,
54949,59745,
54950,60314,
54951,60360,
54952,59732,
54953,62766,
54954,61569,
54955,59953,
54956,59668,
54957,60388,
54958,62666,
54959,60899,
54960,61017,
54961,60909,
54962,62738,
54963,62220,
54964,59630,
54965,61591,
54966,62757,
54967,62748,
54968,59897,
54969,61061,
54970,61332,
54971,60293,
54972,59402,
54973,62365,
54974,60547,
54975,60538,
54976,60007,
54977,60379,
54978,59312,
54979,62875,
54980,60769,
54981,61969,
54982,61223,
54983,62686,
54984,62228,
54985,59343,
54986,60125,
54987,62767,
54988,60997,
54989,59227,
54990,62811,
54991,60187,
54992,62363,
54993,59391,
54994,62138,
54995,61915,
54996,59985,
54997,59213,
54998,63083,
54999,62804,
55000,62714,
55001,59648,
55002,60807,
55003,61939,
55004,60136,
55005,61031,
55006,61045,
55007,59792,
55008,61645,
55009,60994,
55010,63131,
55011,62141,
55012,61797,
55013,61667,
55014,60504,
55015,59311,
55016,60859,
55017,63058,
55018,59427,
55019,62273,
55020,59689,
55021,61394,
55022,60609,
55023,61882,
55024,62098,
55101,61232,
55102,60151,
55103,59981,
55104,59549,
55105,60652,
55106,59424,
55107,61785,
55108,59390,
55109,62841,
55110,61891,
55111,61881,
55112,61831,
55113,60597,
55114,60782,
55115,59656,
55116,62337,
55117,60646,
55118,60242,
55119,62206,
55120,61428,
55121,60145,
55122,61486,
55123,61683,
55124,62701,
55125,61944,
55126,62809,
55127,60954,
55128,62256,
55129,62483,
55130,61771,
55131,61205,
55132,61544,
55133,60926,
55134,60153,
55135,61854,
55136,60410,
55137,63068,
55138,60363,
55139,59972,
55140,62490,
55141,62735,
55142,59590,
55143,61449,
55144,59568,
55145,60581,
55146,62034,
55147,60729,
55148,60671,
55149,60124,
55150,61432,
55151,60932,
55152,60955,
55153,60400,
55154,62607,
55155,59658,
55156,62253,
55157,62742,
55158,62417,
55159,60823,
55160,60513,
55161,62473,
55162,60761,
55163,59665,
55164,61062,
55165,61766,
55166,62108,
55167,62734,
55168,61721,
55169,62920,
55170,62958,
55171,60988,
55172,59330,
55173,60341,
55174,61284,
55175,62665,
55176,62450,
55177,60107,
55178,62978,
55179,59998,
55180,59207,
55181,60158,
55182,62229,
55183,60640,
55184,61353,
55185,60457,
55186,63028,
55187,61762,
55188,61761,
55189,59761,
55190,59872,
55191,62356,
55192,59827,
55193,61653,
55194,61938,
55195,61765,
55196,62323,
55197,62596,
55198,62903,
55199,59922,
55200,61808,
55201,63069,
55202,61737,
55203,60929,
55204,59439,
55205,60106,
55206,60530,
55207,59344,
55208,59593,
55209,60603,
55210,62980,
55211,62565,
55212,62375,
55213,59214,
55214,59778,
55215,59817,
55216,59891,
55217,60167,
55218,60913,
55219,59649,
55220,60670,
55221,59596,
55222,63018,
55223,61932,
55224,62792,
55225,60247,
55226,62114,
55227,60446,
55228,62749,
55229,59436,
55230,60656,
55231,59779,
55232,62807,
55233,62886,
55234,60828,
55235,62092,
55236,61625,
55237,62802,
55238,60590,
55239,59814,
55240,60281,
55241,62604,
55242,61568,
55243,62019,
55244,60338,
55245,62567,
55246,61536,
55247,62989,
55248,59280,
55249,60928,
55250,62850,
55251,62888,
55252,62815,
55253,59709,
55254,60126,
55255,62037,
55256,59606,
55257,59580,
55258,62836,
55259,59794,
55260,59527,
55261,59358,
55262,59299,
55263,59706,
55264,59963,
55265,61001,
55266,62746,
55267,61015,
55268,61941,
55269,62511,
55270,62424,
55271,59837,
55272,62729,
55273,60824,
55274,61453,
55275,60172,
55276,59773,
55277,59238,
55278,61742,
55279,62274,
55280,62080,
55281,61779,
55282,59237,
55283,59225,
55284,60842,
55285,60478,
55286,62015,
55287,62963,
55288,61890,
55289,59598,
55290,62541,
55291,59405,
55292,61267,
55293,61120,
55294,61535,
55295,59356,
55296,63096,
55297,61952,
55298,61548,
55299,59987,
55300,59671,
55301,62242,
55302,62381,
55303,59537,
55304,59997,
55305,60911,
55306,59918,
55307,59936,
55308,60255,
55309,59452,
55310,62579,
55311,62497,
55312,60819,
55313,60677,
55314,60517,
55315,60767,
55316,62697,
55317,60950,
55318,61283,
55319,60227,
55320,62004,
55321,59340,
55322,59248,
55323,63137,
55324,60872,
55325,62785,
55326,59704,
55327,61651,
55328,61838,
55329,61280,
55330,60728,
55331,62545,
55332,61481,
55333,62950,
55334,61793,
55335,61736,
55336,62373,
55337,62999,
55338,62088,
55339,62868,
55340,60944,
55341,60439,
55342,62314,
55343,60571,
55344,61404,
55345,61654,
55346,61418,
55347,60635,
55348,62077,
55349,63012,
55350,60274,
55351,61747,
55352,59678,
55353,59557,
55354,63118,
55355,62919,
55356,62644,
55357,61060,
55358,60624,
55359,61713,
55360,60692,
55361,59824,
55362,62393,
55363,61981,
55364,60689,
55365,60839,
55366,60939,
55367,61405,
55368,61623,
55369,59515,
55370,61957,
55371,62029,
55372,60596,
55373,62387,
55374,59456,
55375,60608,
55376,61994,
55377,62189,
55378,60493,
55379,59939,
55380,60952,
55381,61303,
55382,61892,
55383,62910,
55384,62476,
55385,63088,
55386,61985,
55387,59923,
55388,62627,
55389,60189,
55390,61238,
55391,60920,
55392,60834,
55393,62642,
55394,59447,
55395,61406,
55396,61541,
55397,62308,
55398,62308,
55399,60983,
55400,62111,
55401,63073,
55402,62089,
55403,60134,
55404,60514,
55405,60514,
55406,61776,
55407,60661,
55408,62988,
55409,62988,
55410,60676,
55411,59844,
55412,60870,
55413,62587,
55414,60817,
55415,61752,
55416,60730,
55417,59695,
55418,59691,
